"","date","open","high","low","close","volume","price_adjusted","return_adjusted_prices","return_closing_prices"
"1",2018-07-16,2797.360107,2801.189941,2793.389893,2798.429932,2812230000,2798.429932,NA,NA
"2",2018-07-17,2789.340088,2814.189941,2789.23999,2809.550049,3050730000,2809.550049,0.0039736985631984,0.0039736985631984
"3",2018-07-18,2811.350098,2816.76001,2805.889893,2815.620117,3089780000,2815.620117,0.00216051249991445,0.00216051249991445
"4",2018-07-19,2809.370117,2812.050049,2799.77002,2804.48999,3266700000,2804.48999,-0.00395299313739061,-0.00395299313739061
"5",2018-07-20,2804.550049,2809.699951,2800.01001,2801.830078,3230210000,2801.830078,-0.000948447671228814,-0.000948447671228814
"6",2018-07-23,2799.169922,2808.610107,2795.139893,2806.97998,2907430000,2806.97998,0.00183804936653265,0.00183804936653265
"7",2018-07-24,2820.679932,2829.98999,2811.120117,2820.399902,3417530000,2820.399902,0.00478091119125112,0.00478091119125112
"8",2018-07-25,2817.72998,2848.030029,2817.72998,2846.070068,3553010000,2846.070068,0.0091016050531687,0.0091016050531687
"9",2018-07-26,2835.48999,2845.570068,2835.26001,2837.439941,3653330000,2837.439941,-0.00303229604113875,-0.00303229604113875
"10",2018-07-27,2842.350098,2843.169922,2808.340088,2818.820068,3415710000,2818.820068,-0.00656220867654311,-0.00656220867654311
"11",2018-07-30,2819,2821.73999,2798.110107,2802.600098,3245770000,2802.600098,-0.00575417004587608,-0.00575417004587608
"12",2018-07-31,2809.72998,2824.459961,2808.060059,2816.290039,3892100000,2816.290039,0.00488472865242873,0.00488472865242873
"13",2018-08-01,2821.169922,2825.830078,2805.850098,2813.360107,3496990000,2813.360107,-0.0010403516539228,-0.0010403516539228
"14",2018-08-02,2800.47998,2829.909912,2796.340088,2827.219971,3467380000,2827.219971,0.00492644505959783,0.00492644505959783
"15",2018-08-03,2829.620117,2840.379883,2827.370117,2840.350098,3030390000,2840.350098,0.00464418302596936,0.00464418302596936
"16",2018-08-06,2840.290039,2853.290039,2835.97998,2850.399902,2874540000,2850.399902,0.00353822720906005,0.00353822720906005
"17",2018-08-07,2855.919922,2863.429932,2855.919922,2858.449951,3162770000,2858.449951,0.00282418231713777,0.00282418231713777
"18",2018-08-08,2856.790039,2862.439941,2853.090088,2857.699951,2972200000,2857.699951,-0.000262379965665471,-0.000262379965665471
"19",2018-08-09,2857.189941,2862.47998,2851.97998,2853.580078,3047050000,2853.580078,-0.00144167444820731,-0.00144167444820731
"20",2018-08-10,2838.899902,2842.199951,2825.810059,2833.280029,3256040000,2833.280029,-0.00711388797409451,-0.00711388797409451
"21",2018-08-13,2835.459961,2843.399902,2819.879883,2821.929932,3158450000,2821.929932,-0.0040059919541402,-0.0040059919541402
"22",2018-08-14,2827.879883,2843.110107,2826.580078,2839.959961,2976970000,2839.959961,0.00638925467126028,0.00638925467126028
"23",2018-08-15,2827.949951,2827.949951,2802.48999,2818.370117,3645070000,2818.370117,-0.0076021649236202,-0.0076021649236202
"24",2018-08-16,2831.439941,2850.48999,2831.439941,2840.689941,3219880000,2840.689941,0.00791940840749428,0.00791940840749428
"25",2018-08-17,2838.320068,2855.629883,2833.72998,2850.129883,3024100000,2850.129883,0.00332311593171508,0.00332311593171508
"26",2018-08-20,2853.929932,2859.76001,2850.620117,2857.050049,2748020000,2857.050049,0.00242801776904145,0.00242801776904145
"27",2018-08-21,2861.51001,2873.22998,2861.320068,2862.959961,3147140000,2862.959961,0.00206853639195748,0.00206853639195748
"28",2018-08-22,2860.98999,2867.540039,2856.050049,2861.820068,2689560000,2861.820068,-0.000398151918129419,-0.000398151918129419
"29",2018-08-23,2860.290039,2868.780029,2854.030029,2856.97998,2713910000,2856.97998,-0.00169126216358617,-0.00169126216358617
"30",2018-08-24,2862.350098,2876.159912,2862.350098,2874.689941,2596190000,2874.689941,0.00619883972725632,0.00619883972725632
"31",2018-08-27,2884.689941,2898.25,2884.689941,2896.73999,2854080000,2896.73999,0.00767040948852027,0.00767040948852027
"32",2018-08-28,2901.449951,2903.77002,2893.5,2897.52002,2683190000,2897.52002,0.000269278569251297,0.000269278569251297
"33",2018-08-29,2900.620117,2916.5,2898.399902,2914.040039,2791860000,2914.040039,0.00570143394557121,0.00570143394557121
"34",2018-08-30,2908.939941,2912.459961,2895.219971,2901.129883,2802180000,2901.129883,-0.0044303289684483,-0.0044303289684483
"35",2018-08-31,2898.370117,2906.320068,2891.72998,2901.52002,2880260000,2901.52002,0.000134477605530758,0.000134477605530758
"36",2018-09-04,2896.959961,2900.179932,2885.129883,2896.719971,3077060000,2896.719971,-0.00165432220591744,-0.00165432220591744
"37",2018-09-05,2891.590088,2894.209961,2876.919922,2888.600098,3241250000,2888.600098,-0.00280312666784877,-0.00280312666784877
"38",2018-09-06,2888.639893,2892.050049,2867.290039,2878.050049,3139590000,2878.050049,-0.00365230514507864,-0.00365230514507864
"39",2018-09-07,2868.26001,2883.810059,2864.120117,2871.679932,2946270000,2871.679932,-0.00221334476174706,-0.00221334476174706
"40",2018-09-10,2881.389893,2886.929932,2875.939941,2877.129883,2731400000,2877.129883,0.00189782675265082,0.00189782675265082
"41",2018-09-11,2871.570068,2892.52002,2866.780029,2887.889893,2899660000,2887.889893,0.00373984159129459,0.00373984159129459
"42",2018-09-12,2888.290039,2894.649902,2879.199951,2888.919922,3264930000,2888.919922,0.000356671839358169,0.000356671839358169
"43",2018-09-13,2896.850098,2906.76001,2896.389893,2904.179932,3254930000,2904.179932,0.00528225441065033,0.00528225441065033
"44",2018-09-14,2906.379883,2908.300049,2895.77002,2904.97998,3149800000,2904.97998,0.000275481553737356,0.000275481553737356
"45",2018-09-17,2903.830078,2904.649902,2886.159912,2888.800049,2947760000,2888.800049,-0.00556972203298978,-0.00556972203298978
"46",2018-09-18,2890.73999,2911.169922,2890.429932,2904.310059,3074610000,2904.310059,0.00536901472477092,0.00536901472477092
"47",2018-09-19,2906.600098,2912.360107,2903.820068,2907.949951,3280020000,2907.949951,0.0012532725246468,0.0012532725246468
"48",2018-09-20,2919.72998,2934.800049,2919.72998,2930.75,3337730000,2930.75,0.00784059195797338,0.00784059195797338
"49",2018-09-21,2936.76001,2940.909912,2927.110107,2929.669922,5607610000,2929.669922,-0.000368532969376445,-0.000368532969376445
"50",2018-09-24,2921.830078,2923.790039,2912.629883,2919.370117,3372210000,2919.370117,-0.0035156878673106,-0.0035156878673106
"51",2018-09-25,2921.75,2923.949951,2913.699951,2915.560059,3285480000,2915.560059,-0.00130509591018058,-0.00130509591018058
"52",2018-09-26,2916.97998,2931.149902,2903.280029,2905.969971,3388620000,2905.969971,-0.003289278151001,-0.003289278151001
"53",2018-09-27,2911.649902,2927.219971,2909.27002,2914,3060850000,2914,0.0027632869851153,0.0027632869851153
"54",2018-09-28,2910.030029,2920.530029,2907.5,2913.97998,3432300000,2913.97998,-6.87028140011758e-06,-6.87028140011758e-06
"55",2018-10-01,2926.290039,2937.060059,2917.909912,2924.590088,3364190000,2924.590088,0.00364110531740858,0.00364110531740858
"56",2018-10-02,2923.800049,2931.419922,2919.370117,2923.429932,3401880000,2923.429932,-0.000396690122407284,-0.000396690122407284
"57",2018-10-03,2931.689941,2939.860107,2921.360107,2925.51001,3598710000,2925.51001,0.000711519704040597,0.000711519704040597
"58",2018-10-04,2919.350098,2919.780029,2883.919922,2901.610107,3496860000,2901.610107,-0.0081694825580173,-0.0081694825580173
"59",2018-10-05,2902.540039,2909.639893,2869.290039,2885.570068,3328980000,2885.570068,-0.00552797874576749,-0.00552797874576749
"60",2018-10-08,2877.530029,2889.449951,2862.080078,2884.429932,3330320000,2884.429932,-0.000395116380171756,-0.000395116380171756
"61",2018-10-09,2882.51001,2894.830078,2874.27002,2880.340088,3520500000,2880.340088,-0.00141790374403872,-0.00141790374403872
"62",2018-10-10,2873.899902,2874.02002,2784.860107,2785.679932,4501250000,2785.679932,-0.0328642289132351,-0.0328642289132351
"63",2018-10-11,2776.870117,2795.139893,2710.51001,2728.370117,4890630000,2728.370117,-0.0205730078110065,-0.0205730078110065
"64",2018-10-12,2770.540039,2775.77002,2729.439941,2767.129883,3966040000,2767.129883,0.0142061979635735,0.0142061979635735
"65",2018-10-15,2763.830078,2775.98999,2749.030029,2750.790039,3300140000,2750.790039,-0.00590497905442922,-0.00590497905442922
"66",2018-10-16,2767.050049,2813.459961,2766.909912,2809.919922,3428340000,2809.919922,0.0214956002318141,0.0214956002318141
"67",2018-10-17,2811.669922,2816.939941,2781.810059,2809.209961,3321710000,2809.209961,-0.000252662360390232,-0.000252662360390232
"68",2018-10-18,2802,2806.040039,2755.179932,2768.780029,3616440000,2768.780029,-0.0143919224840026,-0.0143919224840026
"69",2018-10-19,2775.659912,2797.77002,2760.27002,2767.780029,3566490000,2767.780029,-0.000361169897762248,-0.000361169897762248
"70",2018-10-22,2773.939941,2778.939941,2749.219971,2755.879883,3307140000,2755.879883,-0.0042995273740376,-0.0042995273740376
"71",2018-10-23,2721.030029,2753.590088,2691.429932,2740.689941,4348580000,2740.689941,-0.00551183021208623,-0.00551183021208623
"72",2018-10-24,2737.870117,2742.590088,2651.889893,2656.100098,4709310000,2656.100098,-0.0308644337086652,-0.0308644337086652
"73",2018-10-25,2674.879883,2722.699951,2667.840088,2705.570068,4634770000,2705.570068,0.0186250397856806,0.0186250397856806
"74",2018-10-26,2667.860107,2692.379883,2628.159912,2658.689941,4803150000,2658.689941,-0.0173272640596052,-0.0173272640596052
"75",2018-10-29,2682.649902,2706.850098,2603.540039,2641.25,4673700000,2641.25,-0.00655959942190198,-0.00655959942190198
"76",2018-10-30,2640.679932,2685.429932,2635.340088,2682.629883,5106380000,2682.629883,0.0156667801230479,0.0156667801230479
"77",2018-10-31,2705.600098,2736.689941,2705.600098,2711.73999,5112420000,2711.73999,0.0108513318160186,0.0108513318160186
"78",2018-11-01,2717.580078,2741.669922,2708.850098,2740.370117,4708420000,2740.370117,0.0105578437112623,0.0105578437112623
"79",2018-11-02,2745.449951,2756.550049,2700.439941,2723.060059,4237930000,2723.060059,-0.00631668616316328,-0.00631668616316328
"80",2018-11-05,2726.370117,2744.27002,2717.939941,2738.310059,3623320000,2738.310059,0.00560031716876641,0.00560031716876641
"81",2018-11-06,2738.399902,2756.820068,2737.080078,2755.449951,3510860000,2755.449951,0.00625929556211746,0.00625929556211746
"82",2018-11-07,2774.129883,2815.149902,2774.129883,2813.889893,3914750000,2813.889893,0.0212088562809101,0.0212088562809101
"83",2018-11-08,2806.379883,2814.75,2794.98999,2806.830078,3630490000,2806.830078,-0.00250891657756847,-0.00250891657756847
"84",2018-11-09,2794.100098,2794.100098,2764.23999,2781.01001,4019090000,2781.01001,-0.00919901357847708,-0.00919901357847708
"85",2018-11-12,2773.929932,2775.98999,2722,2726.219971,3670930000,2726.219971,-0.0197014893161064,-0.0197014893161064
"86",2018-11-13,2730.050049,2754.600098,2714.97998,2722.179932,4091440000,2722.179932,-0.00148191967008371,-0.00148191967008371
"87",2018-11-14,2737.899902,2746.800049,2685.75,2701.580078,4402370000,2701.580078,-0.00756741086724022,-0.00756741086724022
"88",2018-11-15,2693.52002,2735.379883,2670.75,2730.199951,4179140000,2730.199951,0.0105937533494056,0.0105937533494056
"89",2018-11-16,2718.540039,2746.75,2712.159912,2736.27002,3975180000,2736.27002,0.00222330565853857,0.00222330565853857
"90",2018-11-19,2730.73999,2733.159912,2681.090088,2690.72998,3772900000,2690.72998,-0.0166431089282628,-0.0166431089282628
"91",2018-11-20,2654.600098,2669.439941,2631.52002,2641.889893,4357900000,2641.889893,-0.0181512405046307,-0.0181512405046307
"92",2018-11-21,2657.73999,2670.72998,2649.820068,2649.929932,3233550000,2649.929932,0.00304329072203302,0.00304329072203302
"93",2018-11-23,2633.360107,2647.550049,2631.090088,2632.560059,1651650000,2632.560059,-0.00655484237158321,-0.00655484237158321
"94",2018-11-26,2649.969971,2674.350098,2649.969971,2673.449951,3443950000,2673.449951,0.01553236814492,0.01553236814492
"95",2018-11-27,2663.75,2682.530029,2655.889893,2682.169922,3485220000,2682.169922,0.0032616922552593,0.0032616922552593
"96",2018-11-28,2691.449951,2744,2684.379883,2743.790039,3951670000,2743.790039,0.0229739795732449,0.0229739795732449
"97",2018-11-29,2736.969971,2753.75,2722.939941,2737.800049,3560770000,2737.800049,-0.00218310800566324,-0.00218310800566324
"98",2018-11-30,2737.76001,2760.879883,2732.76001,2760.169922,4658580000,2760.169922,0.00817074753438285,0.00817074753438285
"99",2018-12-03,2790.5,2800.179932,2773.379883,2790.370117,4186060000,2790.370117,0.0109414260184812,0.0109414260184812
"100",2018-12-04,2782.429932,2785.929932,2697.179932,2700.060059,4499840000,2700.060059,-0.0323649029387881,-0.0323649029387881
"101",2018-12-06,2663.51001,2696.149902,2621.530029,2695.949951,5141470000,2695.949951,-0.00152222836166171,-0.00152222836166171
"102",2018-12-07,2691.26001,2708.540039,2623.139893,2633.080078,4216690000,2633.080078,-0.0233201187494894,-0.0233201187494894
"103",2018-12-10,2630.860107,2647.51001,2583.22998,2637.719971,4151030000,2637.719971,0.00176215415503966,0.00176215415503966
"104",2018-12-11,2664.439941,2674.350098,2621.300049,2636.780029,3905870000,2636.780029,-0.000356346393981966,-0.000356346393981966
"105",2018-12-12,2658.22998,2685.439941,2650.26001,2651.070068,3958890000,2651.070068,0.00541950365325672,0.00541950365325672
"106",2018-12-13,2658.699951,2670.189941,2637.27002,2650.540039,3927720000,2650.540039,-0.000199930211727595,-0.000199930211727595
"107",2018-12-14,2629.679932,2635.070068,2593.840088,2599.949951,4035020000,2599.949951,-0.0190867095971455,-0.0190867095971455
"108",2018-12-17,2590.75,2601.129883,2530.540039,2545.939941,4616350000,2545.939941,-0.0207734806507435,-0.0207734806507435
"109",2018-12-18,2559.899902,2573.98999,2528.709961,2546.159912,4470880000,2546.159912,8.64007027256974e-05,8.64007027256974e-05
"110",2018-12-19,2547.050049,2585.290039,2488.959961,2506.959961,5127940000,2506.959961,-0.0153957144699559,-0.0153957144699559
"111",2018-12-20,2496.77002,2509.629883,2441.179932,2467.419922,5585780000,2467.419922,-0.0157721063020998,-0.0157721063020998
"112",2018-12-21,2465.379883,2504.409912,2408.550049,2416.620117,7609010000,2416.620117,-0.0205882284353219,-0.0205882284353219
"113",2018-12-24,2400.560059,2410.340088,2351.100098,2351.100098,2613930000,2351.100098,-0.0271122542343712,-0.0271122542343712
"114",2018-12-26,2363.120117,2467.76001,2346.580078,2467.699951,4233990000,2467.699951,0.0495937425629762,0.0495937425629762
"115",2018-12-27,2442.5,2489.100098,2397.939941,2488.830078,4096610000,2488.830078,0.00856268080381373,0.00856268080381373
"116",2018-12-28,2498.77002,2520.27002,2472.889893,2485.73999,3702620000,2485.73999,-0.00124158255210538,-0.00124158255210538
"117",2018-12-31,2498.939941,2509.23999,2482.820068,2506.850098,3442870000,2506.850098,0.00849248436478667,0.00849248436478667
"118",2019-01-02,2476.959961,2519.48999,2467.469971,2510.030029,3733160000,2510.030029,0.00126849666940076,0.00126849666940076
"119",2019-01-03,2491.919922,2493.139893,2443.959961,2447.889893,3822860000,2447.889893,-0.0247567301116142,-0.0247567301116142
"120",2019-01-04,2474.330078,2538.070068,2474.330078,2531.939941,4213410000,2531.939941,0.0343357142984044,0.0343357142984044
"121",2019-01-07,2535.610107,2566.159912,2524.560059,2549.689941,4104710000,2549.689941,0.00701043484980524,0.00701043484980524
"122",2019-01-08,2568.110107,2579.820068,2547.560059,2574.409912,4083030000,2574.409912,0.00969528514133944,0.00969528514133944
"123",2019-01-09,2580,2595.320068,2568.889893,2584.959961,4052480000,2584.959961,0.00409804551746928,0.00409804551746928
"124",2019-01-10,2573.51001,2597.820068,2562.02002,2596.639893,3704500000,2596.639893,0.00451841892184723,0.00451841892184723
"125",2019-01-11,2588.110107,2596.27002,2577.399902,2596.26001,3434490000,2596.26001,-0.000146297914094373,-0.000146297914094373
"126",2019-01-14,2580.310059,2589.320068,2570.409912,2582.610107,3664450000,2582.610107,-0.00525752542019087,-0.00525752542019087
"127",2019-01-15,2585.100098,2613.080078,2585.100098,2610.300049,3572330000,2610.300049,0.0107216888546002,0.0107216888546002
"128",2019-01-16,2614.75,2625.76001,2612.679932,2616.100098,3863770000,2616.100098,0.00222198555381481,0.00222198555381481
"129",2019-01-17,2609.280029,2645.060059,2606.360107,2635.959961,3772270000,2635.959961,0.00759140027370631,0.00759140027370631
"130",2019-01-18,2651.27002,2675.469971,2647.580078,2670.709961,3986730000,2670.709961,0.0131830530486574,0.0131830530486574
"131",2019-01-22,2657.879883,2657.879883,2617.27002,2632.899902,3908030000,2632.899902,-0.0141573063163484,-0.0141573063163484
"132",2019-01-23,2643.47998,2653.189941,2612.860107,2638.699951,3335610000,2638.699951,0.0022029128397909,0.0022029128397909
"133",2019-01-24,2638.840088,2647.199951,2627.01001,2642.330078,3433250000,2642.330078,0.00137572557221755,0.00137572557221755
"134",2019-01-25,2657.439941,2672.379883,2657.330078,2664.76001,3814080000,2664.76001,0.00848869419712228,0.00848869419712228
"135",2019-01-28,2644.969971,2644.969971,2624.060059,2643.850098,3612810000,2643.850098,-0.00784682745220278,-0.00784682745220278
"136",2019-01-29,2644.889893,2650.929932,2631.050049,2640,3504200000,2640,-0.00145624670737288,-0.00145624670737288
"137",2019-01-30,2653.620117,2690.439941,2648.340088,2681.050049,3867810000,2681.050049,0.0155492609848484,0.0155492609848484
"138",2019-01-31,2685.48999,2708.949951,2678.649902,2704.100098,4917650000,2704.100098,0.0085973960122816,0.0085973960122816
"139",2019-02-01,2702.320068,2716.659912,2696.879883,2706.530029,3759270000,2706.530029,0.00089860985612078,0.00089860985612078
"140",2019-02-04,2706.48999,2724.98999,2698.75,2724.870117,3359840000,2724.870117,0.00677623665855887,0.00677623665855887
"141",2019-02-05,2728.340088,2738.97998,2724.030029,2737.699951,3560430000,2737.699951,0.00470842038303299,0.00470842038303299
"142",2019-02-06,2735.050049,2738.080078,2724.149902,2731.610107,3472690000,2731.610107,-0.00222443807173811,-0.00222443807173811
"143",2019-02-07,2717.530029,2719.320068,2687.26001,2706.050049,4099490000,2706.050049,-0.00935713992802267,-0.00935713992802267
"144",2019-02-08,2692.360107,2708.070068,2681.830078,2707.879883,3622330000,2707.879883,0.00067620109268729,0.00067620109268729
"145",2019-02-11,2712.399902,2718.050049,2703.790039,2709.800049,3361970000,2709.800049,0.000709103092812358,0.000709103092812358
"146",2019-02-12,2722.610107,2748.189941,2722.610107,2744.72998,3827770000,2744.72998,0.0128902245067455,0.0128902245067455
"147",2019-02-13,2750.300049,2761.850098,2748.629883,2753.030029,3670770000,2753.030029,0.00302399473189707,0.00302399473189707
"148",2019-02-14,2743.5,2757.899902,2731.22998,2745.72998,3836700000,2745.72998,-0.00265164161781828,-0.00265164161781828
"149",2019-02-15,2760.23999,2775.659912,2760.23999,2775.600098,3641370000,2775.600098,0.0108787529063581,0.0108787529063581
"150",2019-02-19,2769.280029,2787.330078,2767.290039,2779.76001,3533710000,2779.76001,0.0014987432818574,0.0014987432818574
"151",2019-02-20,2779.050049,2789.879883,2774.060059,2784.699951,3835450000,2784.699951,0.00177711060747288,0.00177711060747288
"152",2019-02-21,2780.23999,2781.580078,2764.550049,2774.879883,3559710000,2774.879883,-0.00352643666204455,-0.00352643666204455
"153",2019-02-22,2780.669922,2794.199951,2779.110107,2792.669922,3427810000,2792.669922,0.00641110237203013,0.00641110237203013
"154",2019-02-25,2804.350098,2813.48999,2794.98999,2796.110107,3804380000,2796.110107,0.00123186237403106,0.00123186237403106
"155",2019-02-26,2792.360107,2803.120117,2789.469971,2793.899902,3645680000,2793.899902,-0.000790457069078432,-0.000790457069078432
"156",2019-02-27,2787.5,2795.76001,2775.129883,2792.379883,3767130000,2792.379883,-0.000544049197650942,-0.000544049197650942
"157",2019-02-28,2788.110107,2793.72998,2782.51001,2784.48999,4396930000,2784.48999,-0.00282550846610585,-0.00282550846610585
"158",2019-03-01,2798.219971,2808.02002,2787.379883,2803.689941,3972280000,2803.689941,0.00689532053228903,0.00689532053228903
"159",2019-03-04,2814.370117,2816.879883,2767.659912,2792.810059,3919810000,2792.810059,-0.00388055820327959,-0.00388055820327959
"160",2019-03-05,2794.409912,2796.439941,2782.969971,2789.649902,3585690000,2789.649902,-0.00113153309148828,-0.00113153309148828
"161",2019-03-06,2790.27002,2790.27002,2768.689941,2771.449951,3786600000,2771.449951,-0.00652409859278469,-0.00652409859278469
"162",2019-03-07,2766.530029,2767.25,2739.090088,2748.929932,3904860000,2748.929932,-0.00812571736750078,-0.00812571736750078
"163",2019-03-08,2730.790039,2744.129883,2722.27002,2743.070068,3423130000,2743.070068,-0.00213168910992823,-0.00213168910992823
"164",2019-03-11,2747.610107,2784,2747.610107,2783.300049,3749030000,2783.300049,0.0146660420633484,0.0146660420633484
"165",2019-03-12,2787.340088,2798.320068,2786.72998,2791.52002,3414230000,2791.52002,0.00295331831110102,0.00295331831110102
"166",2019-03-13,2799.780029,2821.23999,2799.780029,2810.919922,3766150000,2810.919922,0.00694958368953413,0.00694958368953413
"167",2019-03-14,2810.379883,2815,2803.459961,2808.47998,3469730000,2808.47998,-0.000868022593209949,-0.000868022593209949
"168",2019-03-15,2810.790039,2830.72998,2810.790039,2822.47998,5962730000,2822.47998,0.00498490290110598,0.00498490290110598
"169",2019-03-18,2822.610107,2835.409912,2821.98999,2832.939941,3552190000,2832.939941,0.00370594692402393,0.00370594692402393
"170",2019-03-19,2840.76001,2852.419922,2823.27002,2832.570068,3620220000,2832.570068,-0.000130561539497198,-0.000130561539497198
"171",2019-03-20,2831.340088,2843.540039,2812.429932,2824.22998,3771200000,2824.22998,-0.00294435364343471,-0.00294435364343471
"172",2019-03-21,2819.719971,2860.310059,2817.379883,2854.879883,3546800000,2854.879883,0.0108524812841198,0.0108524812841198
"173",2019-03-22,2844.52002,2846.159912,2800.469971,2800.709961,4237200000,2800.709961,-0.0189745012820212,-0.0189745012820212
"174",2019-03-25,2796.01001,2809.790039,2785.02002,2798.360107,3376580000,2798.360107,-0.00083902083140408,-0.00083902083140408
"175",2019-03-26,2812.659912,2829.870117,2803.98999,2818.459961,3266050000,2818.459961,0.0071827260364814,0.0071827260364814
"176",2019-03-27,2819.719971,2825.560059,2787.719971,2805.370117,3372930000,2805.370117,-0.00464432497928968,-0.00464432497928968
"177",2019-03-28,2809.399902,2819.709961,2798.77002,2815.439941,3158170000,2815.439941,0.0035894814516555,0.0035894814516555
"178",2019-03-29,2828.27002,2836.030029,2819.22998,2834.399902,3740700000,2834.399902,0.00673428004053456,0.00673428004053456
"179",2019-04-01,2848.629883,2869.399902,2848.629883,2867.189941,3500760000,2867.189941,0.0115686001036279,0.0115686001036279
"180",2019-04-02,2868.23999,2872.899902,2858.75,2867.23999,3246900000,2867.23999,1.74557671552833e-05,1.74557671552833e-05
"181",2019-04-03,2876.090088,2885.25,2865.169922,2873.399902,3550240000,2873.399902,0.00214837684375357,0.00214837684375357
"182",2019-04-04,2873.98999,2881.280029,2867.139893,2879.389893,3015180000,2879.389893,0.00208463534638215,0.00208463534638215
"183",2019-04-05,2884.159912,2893.23999,2882.98999,2892.73999,3146820000,2892.73999,0.00463643254164881,0.00463643254164881
"184",2019-04-08,2888.459961,2895.949951,2880.780029,2895.77002,3054030000,2895.77002,0.00104746019707069,0.00104746019707069
"185",2019-04-09,2886.580078,2886.879883,2873.330078,2878.199951,3007980000,2878.199951,-0.00606749461409228,-0.00606749461409228
"186",2019-04-10,2881.370117,2889.709961,2879.129883,2888.209961,3062380000,2888.209961,0.00347787164561719,0.00347787164561719
"187",2019-04-11,2891.919922,2893.419922,2881.98999,2888.320068,2938540000,2888.320068,3.81229209396317e-05,3.81229209396317e-05
"188",2019-04-12,2900.860107,2910.540039,2898.370117,2907.409912,3688490000,2907.409912,0.00660932429598038,0.00660932429598038
"189",2019-04-15,2908.320068,2909.600098,2896.47998,2905.580078,3088330000,2905.580078,-0.000629369113879563,-0.000629369113879563
"190",2019-04-16,2912.26001,2916.060059,2900.709961,2907.060059,3402210000,2907.060059,0.00050935818675435,0.00050935818675435
"191",2019-04-17,2916.040039,2918,2895.449951,2900.449951,3602300000,2900.449951,-0.00227381198387544,-0.00227381198387544
"192",2019-04-18,2904.810059,2908.399902,2891.899902,2905.030029,3506850000,2905.030029,0.00157909223650665,0.00157909223650665
"193",2019-04-22,2898.780029,2909.51001,2896.350098,2907.969971,2997950000,2907.969971,0.0010120177659616,0.0010120177659616
"194",2019-04-23,2909.98999,2936.310059,2908.530029,2933.679932,3635030000,2933.679932,0.00884120580899905,0.00884120580899905
"195",2019-04-24,2934,2936.830078,2926.050049,2927.25,3448960000,2927.25,-0.00219176329696491,-0.00219176329696491
"196",2019-04-25,2928.98999,2933.100098,2912.840088,2926.169922,3425280000,2926.169922,-0.00036897361004351,-0.00036897361004351
"197",2019-04-26,2925.810059,2939.879883,2917.560059,2939.879883,3248500000,2939.879883,0.00468529216192248,0.00468529216192248
"198",2019-04-29,2940.580078,2949.52002,2939.350098,2943.030029,3118780000,2943.030029,0.00107152200952698,0.00107152200952698
"199",2019-04-30,2937.139893,2948.219971,2924.110107,2945.830078,3919330000,2945.830078,0.00095141706758306,0.00095141706758306
"200",2019-05-01,2952.330078,2954.129883,2923.360107,2923.72998,3645850000,2923.72998,-0.00750216319843,-0.00750216319843
"201",2019-05-02,2922.159912,2931.679932,2900.5,2917.52002,3778890000,2917.52002,-0.00212398547146275,-0.00212398547146275
"202",2019-05-03,2929.209961,2947.850098,2929.209961,2945.639893,3338120000,2945.639893,0.00963827936303252,0.00963827936303252
"203",2019-05-06,2908.889893,2937.320068,2898.209961,2932.469971,3181520000,2932.469971,-0.00447098847055172,-0.00447098847055172
"204",2019-05-07,2913.030029,2913.030029,2862.600098,2884.050049,3767100000,2884.050049,-0.016511651433378,-0.016511651433378
"205",2019-05-08,2879.610107,2897.959961,2873.280029,2879.419922,3485790000,2879.419922,-0.00160542532942709,-0.00160542532942709
"206",2019-05-09,2859.840088,2875.969971,2836.399902,2870.719971,3638820000,2870.719971,-0.00302142488267465,-0.00302142488267465
"207",2019-05-10,2863.100098,2891.310059,2825.389893,2881.399902,3529600000,2881.399902,0.00372029703624488,0.00372029703624488
"208",2019-05-13,2840.189941,2840.189941,2801.429932,2811.870117,3894030000,2811.870117,-0.0241305571474959,-0.0241305571474959
"209",2019-05-14,2820.120117,2852.540039,2820.120117,2834.409912,3322720000,2834.409912,0.00801594457145405,0.00801594457145405
"210",2019-05-15,2820.379883,2858.679932,2815.080078,2850.959961,3125950000,2850.959961,0.00583897513550613,0.00583897513550613
"211",2019-05-16,2855.800049,2892.149902,2855.800049,2876.320068,3338060000,2876.320068,0.00889528697242903,0.00889528697242903
"212",2019-05-17,2858.600098,2885.47998,2854.22998,2859.530029,3257950000,2859.530029,-0.00583733332976211,-0.00583733332976211
"213",2019-05-20,2841.939941,2853.860107,2831.290039,2840.22998,3288870000,2840.22998,-0.00674937797619468,-0.00674937797619468
"214",2019-05-21,2854.02002,2868.879883,2854.02002,2864.360107,3218700000,2864.360107,0.00849583560835443,0.00849583560835443
"215",2019-05-22,2856.060059,2865.469971,2851.110107,2856.27002,3192510000,2856.27002,-0.00282439592013217,-0.00282439592013217
"216",2019-05-23,2836.699951,2836.699951,2805.48999,2822.23999,3891980000,2822.23999,-0.0119141501894838,-0.0119141501894838
"217",2019-05-24,2832.409912,2841.360107,2820.189941,2826.060059,2887390000,2826.060059,0.0013535592343441,0.0013535592343441
"218",2019-05-28,2830.030029,2840.51001,2801.580078,2802.389893,4121410000,2802.389893,-0.00837567691621377,-0.00837567691621377
"219",2019-05-29,2790.25,2792.030029,2766.060059,2783.02002,3700050000,2783.02002,-0.00691191223904408,-0.00691191223904408
"220",2019-05-30,2786.939941,2799,2776.73999,2788.860107,3273790000,2788.860107,0.00209847107028716,0.00209847107028716
"221",2019-05-31,2766.149902,2768.97998,2750.52002,2752.060059,3981020000,2752.060059,-0.0131953725135343,-0.0131953725135343
"222",2019-06-03,2751.530029,2763.070068,2728.810059,2744.449951,3966700000,2744.449951,-0.00276524052413485,-0.00276524052413485
"223",2019-06-04,2762.639893,2804.48999,2762.639893,2803.27002,3810430000,2803.27002,0.0214323708029609,0.0214323708029609
"224",2019-06-05,2818.090088,2827.280029,2800.919922,2826.149902,3548830000,2826.149902,0.00816185449020712,0.00816185449020712
"225",2019-06-06,2828.51001,2852.100098,2822.449951,2843.48999,3396410000,2843.48999,0.00613558678813497,0.00613558678813497
"226",2019-06-07,2852.870117,2884.969971,2852.870117,2873.340088,3220250000,2873.340088,0.0104976975846502,0.0104976975846502
"227",2019-06-10,2885.830078,2904.77002,2885.51001,2886.72998,3209210000,2886.72998,0.00466004426552935,0.00466004426552935
"228",2019-06-11,2903.27002,2910.610107,2878.530029,2885.719971,3548420000,2885.719971,-0.000349879970415579,-0.000349879970415579
"229",2019-06-12,2882.72998,2888.570068,2874.679932,2879.840088,3034130000,2879.840088,-0.00203757920348813,-0.00203757920348813
"230",2019-06-13,2886.23999,2895.23999,2881.98999,2891.639893,3069810000,2891.639893,0.00409738202102572,0.00409738202102572
"231",2019-06-14,2886.820068,2894.449951,2879.620117,2886.97998,2922330000,2886.97998,-0.00161151221190459,-0.00161151221190459
"232",2019-06-17,2889.75,2897.27002,2887.300049,2889.669922,2810140000,2889.669922,0.000931749447046659,0.000931749447046659
"233",2019-06-18,2906.709961,2930.790039,2905.439941,2917.75,3437620000,2917.75,0.00971739982695508,0.00971739982695508
"234",2019-06-19,2920.550049,2931.73999,2911.429932,2926.459961,3287890000,2926.459961,0.00298516356781775,0.00298516356781775
"235",2019-06-20,2949.600098,2958.060059,2931.5,2954.179932,3905940000,2954.179932,0.00947218529192795,0.00947218529192795
"236",2019-06-21,2952.709961,2964.149902,2946.870117,2950.459961,5000120000,2950.459961,-0.00125922289285929,-0.00125922289285929
"237",2019-06-24,2951.419922,2954.919922,2944.050049,2945.350098,3136250000,2945.350098,-0.00173188691510606,-0.00173188691510606
"238",2019-06-25,2945.780029,2946.52002,2916.01001,2917.379883,3578050000,2917.379883,-0.00949639739567554,-0.00949639739567554
"239",2019-06-26,2926.070068,2932.590088,2912.98999,2913.780029,3478130000,2913.780029,-0.00123393392165927,-0.00123393392165927
"240",2019-06-27,2919.659912,2929.300049,2918.570068,2924.919922,3122920000,2924.919922,0.00382317569930746,0.00382317569930746
"241",2019-06-28,2932.939941,2943.97998,2929.050049,2941.76001,5420700000,2941.76001,0.00575745266505789,0.00575745266505789
"242",2019-07-01,2971.409912,2977.929932,2952.219971,2964.330078,3513270000,2964.330078,0.00767230090941373,0.00767230090941373
"243",2019-07-02,2964.659912,2973.209961,2955.919922,2973.01001,3206840000,2973.01001,0.00292812600877967,0.00292812600877967
"244",2019-07-03,2978.080078,2995.840088,2977.959961,2995.820068,1963720000,2995.820068,0.00767237847275193,0.00767237847275193
"245",2019-07-05,2984.25,2994.030029,2967.969971,2990.409912,2434210000,2990.409912,-0.00180590151517734,-0.00180590151517734
"246",2019-07-08,2979.77002,2980.76001,2970.090088,2975.949951,2904550000,2975.949951,-0.00483544444591855,-0.00483544444591855
"247",2019-07-09,2965.52002,2981.899902,2963.439941,2979.629883,3028210000,2979.629883,0.00123655708617121,0.00123655708617121
"248",2019-07-10,2989.300049,3002.97998,2984.620117,2993.070068,3154240000,2993.070068,0.00451068942377097,0.00451068942377097
"249",2019-07-11,2999.620117,3002.330078,2988.800049,2999.909912,3154620000,2999.909912,0.0022852268221607,0.0022852268221607
"250",2019-07-12,3003.360107,3013.919922,3001.870117,3013.77002,2974960000,3013.77002,0.00462017474076726,0.00462017474076726
"251",2019-07-15,3017.800049,3017.800049,3008.77002,3014.300049,2874970000,3014.300049,0.000175869093023806,0.000175869093023806
"252",2019-07-16,3012.129883,3015.02002,3001.149902,3004.040039,3290650000,3004.040039,-0.00340377859974617,-0.00340377859974617
"253",2019-07-17,3005.100098,3005.26001,2984.25,2984.419922,3181600000,2984.419922,-0.00653124350717083,-0.00653124350717083
"254",2019-07-18,2978.870117,2998.280029,2973.090088,2995.110107,3296580000,2995.110107,0.00358199760067146,0.00358199760067146
"255",2019-07-19,3004.26001,3006.02002,2975.860107,2976.610107,3260360000,2976.610107,-0.00617673452363665,-0.00617673452363665
"256",2019-07-22,2981.929932,2990.709961,2976.649902,2985.030029,3003720000,2985.030029,0.00282869495746163,0.00282869495746163
"257",2019-07-23,2994.73999,3005.899902,2988.560059,3005.469971,3313660000,3005.469971,0.00684748287334558,0.00684748287334558
"258",2019-07-24,2998.77002,3019.590088,2996.820068,3019.560059,3428980000,3019.560059,0.00468814798881922,0.00468814798881922
"259",2019-07-25,3016.26001,3016.310059,2997.23999,3003.669922,3645270000,3003.669922,-0.00526240137288814,-0.00526240137288814
"260",2019-07-26,3013.25,3027.97998,3012.590088,3025.860107,3257590000,3025.860107,0.00738769091685842,0.00738769091685842
"261",2019-07-29,3024.469971,3025.610107,3014.300049,3020.969971,3203710000,3020.969971,-0.00161611436982401,-0.00161611436982401
"262",2019-07-30,3007.659912,3017.189941,3000.939941,3013.179932,3634330000,3013.179932,-0.00257865489388542,-0.00257865489388542
"263",2019-07-31,3016.219971,3017.399902,2958.080078,2980.379883,4623430000,2980.379883,-0.0108855261684385,-0.0108855261684385
"264",2019-08-01,2980.320068,3013.590088,2945.22998,2953.560059,4762300000,2953.560059,-0.00899879379571034,-0.00899879379571034
"265",2019-08-02,2943.899902,2945.5,2914.110107,2932.050049,3874660000,2932.050049,-0.00728274000538953,-0.00728274000538953
"266",2019-08-05,2898.070068,2898.070068,2822.120117,2844.73999,4513730000,2844.73999,-0.0297778201397952,-0.0297778201397952
"267",2019-08-06,2861.179932,2884.399902,2847.419922,2881.77002,4154240000,2881.77002,0.0130170174181719,0.0130170174181719
"268",2019-08-07,2858.649902,2892.169922,2825.709961,2883.97998,4491750000,2883.97998,0.000766875907745046,0.000766875907745046
"269",2019-08-08,2896.209961,2938.719971,2894.469971,2938.090088,4106370000,2938.090088,0.0187623036134945,0.0187623036134945
"270",2019-08-09,2930.51001,2935.75,2900.149902,2918.649902,3350640000,2918.649902,-0.0066166065089015,-0.0066166065089015
"271",2019-08-12,2907.070068,2907.580078,2873.139893,2882.699951,2851630000,2882.699951,-0.0123173221205344,-0.0123173221205344
"272",2019-08-13,2880.719971,2943.310059,2877.050049,2926.320068,3853600000,2926.320068,0.0151316882580403,0.0151316882580403
"273",2019-08-14,2894.149902,2894.149902,2839.639893,2840.600098,4312530000,2840.600098,-0.0292927526750639,-0.0292927526750639
"274",2019-08-15,2846.199951,2856.669922,2825.51001,2847.600098,4.038e+09,2847.600098,0.00246426802735389,0.00246426802735389
"275",2019-08-16,2864.73999,2893.629883,2864.73999,2888.679932,3498150000,2888.679932,0.0144261246615536,0.0144261246615536
"276",2019-08-19,2913.47998,2931,2913.47998,2923.649902,3212880000,2923.649902,0.0121058652475174,0.0121058652475174
"277",2019-08-20,2919.01001,2923.629883,2899.600098,2900.51001,3066300000,2900.51001,-0.00791472740432109,-0.00791472740432109
"278",2019-08-21,2922.040039,2928.72998,2917.909912,2924.429932,3011190000,2924.429932,0.00824679863800926,0.00824679863800926
"279",2019-08-22,2930.939941,2939.080078,2904.51001,2922.949951,2890880000,2922.949951,-0.000506075041773246,-0.000506075041773246
"280",2019-08-23,2911.070068,2927.01001,2834.969971,2847.110107,3937300000,2847.110107,-0.0259463368416738,-0.0259463368416738
"281",2019-08-26,2866.699951,2879.27002,2856,2878.379883,2857600000,2878.379883,0.0109829879508767,0.0109829879508767
"282",2019-08-27,2893.139893,2898.790039,2860.590088,2869.159912,3533630000,2869.159912,-0.00320318073873915,-0.00320318073873915
"283",2019-08-28,2861.280029,2890.030029,2853.050049,2887.939941,3097420000,2887.939941,0.00654548006245803,0.00654548006245803
"284",2019-08-29,2910.370117,2930.5,2905.669922,2924.580078,3176190000,2924.580078,0.0126872918926813,0.0126872918926813
"285",2019-08-30,2937.090088,2940.429932,2913.320068,2926.459961,3008450000,2926.459961,0.000642787323261063,0.000642787323261063
"286",2019-09-03,2909.01001,2914.389893,2891.850098,2906.27002,3426790000,2906.27002,-0.00689910037009389,-0.00689910037009389
"287",2019-09-04,2924.669922,2938.840088,2921.860107,2937.780029,3163260000,2937.780029,0.0108420789476402,0.0108420789476402
"288",2019-09-05,2960.600098,2985.860107,2960.600098,2976,3890700000,2976,0.0130098137446355,0.0130098137446355
"289",2019-09-06,2980.330078,2985.030029,2972.51001,2978.709961,3208280000,2978.709961,0.000910605174731183,0.000910605174731183
"290",2019-09-09,2988.429932,2989.429932,2969.389893,2978.429932,4002890000,2978.429932,-9.40101599908871e-05,-9.40101599908871e-05
"291",2019-09-10,2971.01001,2979.389893,2957.01001,2979.389893,4390770000,2979.389893,0.000322304375767413,0.000322304375767413
"292",2019-09-11,2981.409912,3000.929932,2975.310059,3000.929932,3927550000,3000.929932,0.00722968116747924,0.00722968116747924
"293",2019-09-12,3009.080078,3020.73999,3000.919922,3009.570068,3791860000,3009.570068,0.0028791528612071,0.0028791528612071
"294",2019-09-13,3012.209961,3017.330078,3002.899902,3007.389893,3520060000,3007.389893,-0.000724414102592719,-0.000724414102592719
"295",2019-09-16,2996.409912,3002.189941,2990.669922,2997.959961,4274640000,2997.959961,-0.00313558678306036,-0.00313558678306036
"296",2019-09-17,2995.669922,3006.209961,2993.72998,3005.699951,3671840000,3005.699951,0.00258175229178792,0.00258175229178792
"297",2019-09-18,3001.5,3007.830078,2978.570068,3006.72998,3435540000,3006.72998,0.000342691891004332,0.000342691891004332
"298",2019-09-19,3010.360107,3021.98999,3003.159912,3006.790039,3251290000,3006.790039,1.99748565383739e-05,1.99748565383739e-05
"299",2019-09-20,3008.419922,3016.370117,2984.679932,2992.070068,6094740000,2992.070068,-0.0048955766146197,-0.0048955766146197
"300",2019-09-23,2983.5,2999.149902,2982.22998,2991.780029,3186590000,2991.780029,-9.69358983607949e-05,-9.69358983607949e-05
"301",2019-09-24,3002.429932,3007.97998,2957.72998,2966.600098,3868160000,2966.600098,-0.00841637110881321,-0.00841637110881321
"302",2019-09-25,2968.350098,2989.820068,2952.860107,2984.870117,3318870000,2984.870117,0.00615857156221256,0.00615857156221256
"303",2019-09-26,2985.72998,2987.280029,2963.709961,2977.620117,3077240000,2977.620117,-0.00242891640701837,-0.00242891640701837
"304",2019-09-27,2985.469971,2987.310059,2945.530029,2961.790039,3243650000,2961.790039,-0.00531635244859541,-0.00531635244859541
"305",2019-09-30,2967.070068,2983.850098,2967.070068,2976.73999,3247610000,2976.73999,0.00504760661733061,0.00504760661733061
"306",2019-10-01,2983.689941,2992.530029,2938.699951,2940.25,3558040000,2940.25,-0.0122583732951429,-0.0122583732951429
"307",2019-10-02,2924.780029,2924.780029,2874.929932,2887.610107,3912520000,2887.610107,-0.0179032031289856,-0.0179032031289856
"308",2019-10-03,2885.379883,2911.129883,2855.939941,2910.629883,3503640000,2910.629883,0.00797191280921083,0.00797191280921083
"309",2019-10-04,2918.560059,2953.73999,2918.560059,2952.01001,2990830000,2952.01001,0.0142168976006489,0.0142168976006489
"310",2019-10-07,2944.22998,2959.75,2935.679932,2938.790039,2940140000,2938.790039,-0.00447829477380401,-0.00447829477380401
"311",2019-10-08,2920.399902,2925.469971,2892.659912,2893.060059,3356450000,2893.060059,-0.0155608190422344,-0.0155608190422344
"312",2019-10-09,2911.100098,2929.320068,2907.409912,2919.399902,2726820000,2919.399902,0.00910449228942189,0.00910449228942189
"313",2019-10-10,2918.550049,2948.459961,2917.120117,2938.129883,3217250000,2938.129883,0.00641569556372468,0.00641569556372468
"314",2019-10-11,2963.070068,2993.280029,2963.070068,2970.27002,3580460000,2970.27002,0.010938977608159,0.010938977608159
"315",2019-10-14,2965.810059,2972.840088,2962.939941,2966.149902,2557020000,2966.149902,-0.00138711900677635,-0.00138711900677635
"316",2019-10-15,2973.610107,3003.280029,2973.610107,2995.679932,3340740000,2995.679932,0.00995567687934074,0.00995567687934074
"317",2019-10-16,2989.679932,2997.540039,2985.199951,2989.689941,3222570000,2989.689941,-0.00199954305398731,-0.00199954305398731
"318",2019-10-17,3000.77002,3008.290039,2991.790039,2997.949951,3115960000,2997.949951,0.00276283165244795,0.00276283165244795
"319",2019-10-18,2996.840088,3000,2976.310059,2986.199951,3264290000,2986.199951,-0.00391934494973156,-0.00391934494973156
"320",2019-10-21,2996.47998,3007.330078,2995.350098,3006.719971,3271620000,3006.719971,0.00687161621348498,0.00687161621348498
"321",2019-10-22,3010.72998,3014.570068,2995.040039,2995.98999,3523890000,2995.98999,-0.00356866655474775,-0.00356866655474775
"322",2019-10-23,2994.01001,3004.780029,2991.209961,3004.52002,3392870000,3004.52002,0.00284714903202987,0.00284714903202987
"323",2019-10-24,3014.780029,3016.070068,3000.419922,3010.290039,3692600000,3010.290039,0.00192044618161669,0.00192044618161669
"324",2019-10-25,3003.320068,3027.389893,3001.939941,3022.550049,3370370000,3022.550049,0.00407270058405151,0.00407270058405151
"325",2019-10-28,3032.120117,3044.080078,3032.120117,3039.419922,3521230000,3039.419922,0.0055813378526457,0.0055813378526457
"326",2019-10-29,3035.389893,3047.870117,3034.810059,3036.889893,3589930000,3036.889893,-0.000832405217089938,-0.000832405217089938
"327",2019-10-30,3039.73999,3050.100098,3025.959961,3046.77002,3776030000,3046.77002,0.00325337017412886,0.00325337017412886
"328",2019-10-31,3046.899902,3046.899902,3023.189941,3037.560059,4139280000,3037.560059,-0.0030228605833531,-0.0030228605833531
"329",2019-11-01,3050.719971,3066.949951,3050.719971,3066.909912,3930200000,3066.909912,0.00966231199710421,0.00966231199710421
"330",2019-11-04,3078.959961,3085.199951,3074.870117,3078.27002,4146850000,3078.27002,0.00370408923834087,0.00370408923834087
"331",2019-11-05,3080.800049,3083.949951,3072.149902,3074.620117,4486130000,3074.620117,-0.00118569942736857,-0.00118569942736857
"332",2019-11-06,3075.100098,3078.340088,3065.889893,3076.780029,4458190000,3076.780029,0.000702497192436091,0.000702497192436091
"333",2019-11-07,3087.02002,3097.77002,3080.22998,3085.179932,4144640000,3085.179932,0.00273009539870483,0.00273009539870483
"334",2019-11-08,3081.25,3093.090088,3073.580078,3093.080078,3499150000,3093.080078,0.00256067593272546,0.00256067593272546
"335",2019-11-11,3080.330078,3088.330078,3075.820068,3087.01001,3035530000,3087.01001,-0.00196246713532389,-0.00196246713532389
"336",2019-11-12,3089.280029,3102.610107,3084.72998,3091.840088,3466010000,3091.840088,0.00156464604402107,0.00156464604402107
"337",2019-11-13,3084.179932,3098.060059,3078.800049,3094.040039,3509280000,3094.040039,0.000711534535223324,0.000711534535223324
"338",2019-11-14,3090.75,3098.199951,3083.26001,3096.629883,3276070000,3096.629883,0.000837042820181821,0.000837042820181821
"339",2019-11-15,3107.919922,3120.459961,3104.600098,3120.459961,3335650000,3120.459961,0.00769548796607022,0.00769548796607022
"340",2019-11-18,3117.909912,3124.169922,3112.060059,3122.030029,3436690000,3122.030029,0.000503152746589519,0.000503152746589519
"341",2019-11-19,3127.449951,3127.639893,3113.469971,3120.179932,3590070000,3120.179932,-0.000592594236062727,-0.000592594236062727
"342",2019-11-20,3114.659912,3118.969971,3091.409912,3108.459961,4034890000,3108.459961,-0.00375618434046132,-0.00375618434046132
"343",2019-11-21,3108.48999,3110.110107,3094.550049,3103.540039,3720560000,3103.540039,-0.00158275225086613,-0.00158275225086613
"344",2019-11-22,3111.409912,3112.870117,3099.26001,3110.290039,3226780000,3110.290039,0.00217493569123572,0.00217493569123572
"345",2019-11-25,3117.439941,3133.830078,3117.439941,3133.639893,3511530000,3133.639893,0.00750729150889962,0.00750729150889962
"346",2019-11-26,3134.850098,3142.689941,3131,3140.52002,4595590000,3140.52002,0.00219557040212859,0.00219557040212859
"347",2019-11-27,3145.48999,3154.26001,3143.409912,3153.629883,3033090000,3153.629883,0.0041744242725763,0.0041744242725763
"348",2019-11-29,3147.179932,3150.300049,3139.340088,3140.97998,1743020000,3140.97998,-0.00401121991778131,-0.00401121991778131
"349",2019-12-02,3143.850098,3144.310059,3110.780029,3113.870117,3268740000,3113.870117,-0.00863102062815446,-0.00863102062815446
"350",2019-12-03,3087.409912,3094.969971,3070.330078,3093.199951,3653390000,3093.199951,-0.00663809511101709,-0.00663809511101709
"351",2019-12-04,3103.5,3119.379883,3102.530029,3112.76001,3695030000,3112.76001,0.00632356760308239,0.00632356760308239
"352",2019-12-05,3119.209961,3119.449951,3103.76001,3117.429932,3355750000,3117.429932,0.00150025121917441,0.00150025121917441
"353",2019-12-06,3134.620117,3150.600098,3134.620117,3145.909912,3479480000,3145.909912,0.00913572417703978,0.00913572417703978
"354",2019-12-09,3141.860107,3148.870117,3135.459961,3135.959961,3345990000,3135.959961,-0.00316282133892209,-0.00316282133892209
"355",2019-12-10,3135.360107,3142.120117,3126.090088,3132.52002,3343790000,3132.52002,-0.00109693396688115,-0.00109693396688115
"356",2019-12-11,3135.75,3143.97998,3133.209961,3141.629883,3252540000,3141.629883,0.00290815795009669,0.00290815795009669
"357",2019-12-12,3141.22998,3176.280029,3138.469971,3168.570068,3990690000,3168.570068,0.00857522560050072,0.00857522560050072
"358",2019-12-13,3166.649902,3182.679932,3156.51001,3168.800049,3736870000,3168.800049,7.25819518156978e-05,7.25819518156978e-05
"359",2019-12-16,3183.629883,3197.709961,3183.629883,3191.449951,4051790000,3191.449951,0.00714778517096648,0.00714778517096648
"360",2019-12-17,3195.399902,3198.219971,3191.030029,3192.52002,3837540000,3192.52002,0.000335292427087852,0.000335292427087852
"361",2019-12-18,3195.209961,3198.47998,3191.139893,3191.139893,4014080000,3191.139893,-0.000432300186483991,-0.000432300186483991
"362",2019-12-19,3192.320068,3205.47998,3192.320068,3205.370117,3720450000,3205.370117,0.00445929181331572,0.00445929181331572
"363",2019-12-20,3223.330078,3225.649902,3216.030029,3221.219971,6454270000,3221.219971,0.00494478123319952,0.00494478123319952
"364",2019-12-23,3226.050049,3227.780029,3222.300049,3224.01001,3060610000,3224.01001,0.000866143580729783,0.000866143580729783
"365",2019-12-24,3225.449951,3226.429932,3220.51001,3223.379883,1296540000,3223.379883,-0.00019544821450479,-0.00019544821450479
"366",2019-12-26,3227.199951,3240.080078,3227.199951,3239.909912,2160680000,3239.909912,0.00512816658290216,0.00512816658290216
"367",2019-12-27,3247.22998,3247.929932,3234.370117,3240.02002,2428670000,3240.02002,3.39848955650535e-05,3.39848955650535e-05
"368",2019-12-30,3240.090088,3240.919922,3216.570068,3221.290039,3013290000,3221.290039,-0.00578082261355906,-0.00578082261355906
"369",2019-12-31,3215.179932,3231.719971,3212.030029,3230.780029,2893810000,3230.780029,0.00294602158920965,0.00294602158920965
"370",2020-01-02,3244.669922,3258.139893,3235.530029,3257.850098,3458250000,3257.850098,0.00837880287639958,0.00837880287639958
"371",2020-01-03,3226.360107,3246.149902,3222.340088,3234.850098,3461290000,3234.850098,-0.00705987056130042,-0.00705987056130042
"372",2020-01-06,3217.550049,3246.840088,3214.639893,3246.280029,3674070000,3246.280029,0.00353337269231324,0.00353337269231324
"373",2020-01-07,3241.860107,3244.909912,3232.429932,3237.179932,3420380000,3237.179932,-0.00280323845099806,-0.00280323845099806
"374",2020-01-08,3238.590088,3267.070068,3236.669922,3253.050049,3720890000,3253.050049,0.00490245131051315,0.00490245131051315
"375",2020-01-09,3266.030029,3275.580078,3263.669922,3274.699951,3638390000,3274.699951,0.00665526249946735,0.00665526249946735
"376",2020-01-10,3281.810059,3282.98999,3260.860107,3265.350098,3212970000,3265.350098,-0.00285517853235528,-0.00285517853235528
"377",2020-01-13,3271.129883,3288.129883,3268.429932,3288.129883,3456380000,3288.129883,0.0069762152039845,0.0069762152039845
"378",2020-01-14,3285.350098,3294.25,3277.189941,3283.149902,3665130000,3283.149902,-0.00151453293428194,-0.00151453293428194
"379",2020-01-15,3282.27002,3298.659912,3280.689941,3289.290039,3716840000,3289.290039,0.00187019697037272,0.00187019697037272
"380",2020-01-16,3302.969971,3317.110107,3302.820068,3316.810059,3535080000,3316.810059,0.00836655316913504,0.00836655316913504
"381",2020-01-17,3323.659912,3329.879883,3318.860107,3329.620117,3698170000,3329.620117,0.0038621620690158,0.0038621620690158
"382",2020-01-21,3321.030029,3329.790039,3316.610107,3320.790039,4105340000,3320.790039,-0.00265197760997304,-0.00265197760997304
"383",2020-01-22,3330.02002,3337.77002,3320.040039,3321.75,3619850000,3321.75,0.000289076089944329,0.000289076089944329
"384",2020-01-23,3315.77002,3326.879883,3301.870117,3325.540039,3764860000,3325.540039,0.00114097659366297,0.00114097659366297
"385",2020-01-24,3333.100098,3333.179932,3281.530029,3295.469971,3707130000,3295.469971,-0.00904216086631215,-0.00904216086631215
"386",2020-01-27,3247.159912,3258.850098,3234.5,3243.629883,3823100000,3243.629883,-0.0157307116909547,-0.0157307116909547
"387",2020-01-28,3255.350098,3285.780029,3253.219971,3276.23999,3526720000,3276.23999,0.0100535844644023,0.0100535844644023
"388",2020-01-29,3289.459961,3293.469971,3271.889893,3273.399902,3584500000,3273.399902,-0.00086687422431464,-0.00086687422431464
"389",2020-01-30,3256.449951,3285.909912,3242.800049,3283.659912,3787250000,3283.659912,0.0031343588645345,0.0031343588645345
"390",2020-01-31,3282.330078,3282.330078,3214.679932,3225.52002,4527830000,3225.52002,-0.017705820200055,-0.017705820200055
"391",2020-02-03,3235.659912,3268.439941,3235.659912,3248.919922,3757910000,3248.919922,0.00725461378472558,0.00725461378472558
"392",2020-02-04,3280.610107,3306.919922,3280.610107,3297.590088,3995320000,3297.590088,0.0149804141586964,0.0149804141586964
"393",2020-02-05,3324.909912,3337.580078,3313.75,3334.689941,4117730000,3334.689941,0.0112505957411164,0.0112505957411164
"394",2020-02-06,3344.919922,3347.959961,3334.389893,3345.780029,3868370000,3345.780029,0.00332567290998997,0.00332567290998997
"395",2020-02-07,3335.540039,3341.419922,3322.120117,3327.709961,3730650000,3327.709961,-0.00540085356579789,-0.00540085356579789
"396",2020-02-10,3318.280029,3352.26001,3317.77002,3352.090088,3450350000,3352.090088,0.00732639781883915,0.00732639781883915
"397",2020-02-11,3365.870117,3375.629883,3352.719971,3357.75,3760550000,3357.75,0.00168847252055127,0.00168847252055127
"398",2020-02-12,3370.5,3381.469971,3369.719971,3379.449951,3926380000,3379.449951,0.00646264641501015,0.00646264641501015
"399",2020-02-13,3365.899902,3385.090088,3360.52002,3373.939941,3498240000,3373.939941,-0.00163044580623828,-0.00163044580623828
"400",2020-02-14,3378.080078,3380.689941,3366.149902,3380.159912,3398040000,3380.159912,0.0018435334086464,0.0018435334086464
"401",2020-02-18,3369.040039,3375.01001,3355.610107,3370.290039,3746720000,3370.290039,-0.00291994262311701,-0.00291994262311701
"402",2020-02-19,3380.389893,3393.52002,3378.830078,3386.149902,3600150000,3386.149902,0.00470578579780212,0.00470578579780212
"403",2020-02-20,3380.449951,3389.149902,3341.02002,3373.22998,4007320000,3373.22998,-0.00381551980093053,-0.00381551980093053
"404",2020-02-21,3360.5,3360.76001,3328.449951,3337.75,3899270000,3337.75,-0.0105181028896227,-0.0105181028896227
"405",2020-02-24,3257.610107,3259.810059,3214.649902,3225.889893,4842960000,3225.889893,-0.0335136265448281,-0.0335136265448281
"406",2020-02-25,3238.939941,3246.98999,3118.77002,3128.209961,5591510000,3128.209961,-0.0302799956724995,-0.0302799956724995
"407",2020-02-26,3139.899902,3182.51001,3108.98999,3116.389893,5478110000,3116.389893,-0.00377854049036452,-0.00377854049036452
"408",2020-02-27,3062.540039,3097.070068,2977.389893,2978.76001,7058840000,2978.76001,-0.0441632426382664,-0.0441632426382664
"409",2020-02-28,2916.899902,2959.719971,2855.840088,2954.219971,8563850000,2954.219971,-0.00823834042273175,-0.00823834042273175
"410",2020-03-02,2974.280029,3090.959961,2945.189941,3090.22998,6376400000,3090.22998,0.0460392287423204,0.0460392287423204
"411",2020-03-03,3096.459961,3136.719971,2976.629883,3003.370117,6355940000,3003.370117,-0.028107896034327,-0.028107896034327
"412",2020-03-04,3045.75,3130.969971,3034.379883,3130.120117,5035480000,3130.120117,0.042202590777126,0.042202590777126
"413",2020-03-05,3075.699951,3083.040039,2999.830078,3023.939941,5575550000,3023.939941,-0.0339220771188059,-0.0339220771188059
"414",2020-03-06,2954.199951,2985.929932,2901.540039,2972.370117,6552140000,2972.370117,-0.0170538519303218,-0.0170538519303218
"415",2020-03-09,2863.889893,2863.889893,2734.429932,2746.560059,8423050000,2746.560059,-0.0759696972824868,-0.0759696972824868
"416",2020-03-10,2813.47998,2882.590088,2734,2882.22998,7635960000,2882.22998,0.0493963059556748,0.0493963059556748
"417",2020-03-11,2825.600098,2825.600098,2707.219971,2741.379883,7374110000,2741.379883,-0.0488684449115334,-0.0488684449115334
"418",2020-03-12,2630.860107,2660.949951,2478.860107,2480.639893,8829380000,2480.639893,-0.095112680886336,-0.095112680886336
"419",2020-03-13,2569.98999,2711.330078,2492.370117,2711.02002,8258670000,2711.02002,0.0928712497328203,0.0928712497328203
"420",2020-03-16,2508.590088,2562.97998,2380.939941,2386.129883,7781540000,2386.129883,-0.119840552486956,-0.119840552486956
"421",2020-03-17,2425.659912,2553.929932,2367.040039,2529.189941,8358500000,2529.189941,0.0599548494904794,0.0599548494904794
"422",2020-03-18,2436.5,2453.570068,2280.52002,2398.100098,8755780000,2398.100098,-0.0518307624409456,-0.0518307624409456
"423",2020-03-19,2393.47998,2466.969971,2319.780029,2409.389893,7946710000,2409.389893,0.00470780807248872,0.00470780807248872
"424",2020-03-20,2431.939941,2453.01001,2295.560059,2304.919922,9044690000,2304.919922,-0.0433595124240856,-0.0433595124240856
"425",2020-03-23,2290.709961,2300.72998,2191.860107,2237.399902,7402180000,2237.399902,-0.029293868023585,-0.029293868023585
"426",2020-03-24,2344.439941,2449.709961,2344.439941,2447.330078,7547350000,2447.330078,0.0938277398744607,0.0938277398744607
"427",2020-03-25,2457.77002,2571.419922,2407.530029,2475.560059,8285670000,2475.560059,0.0115350116658846,0.0115350116658846
"428",2020-03-26,2501.290039,2637.01001,2500.719971,2630.070068,7753160000,2630.070068,0.0624141629843609,0.0624141629843609
"429",2020-03-27,2555.870117,2615.909912,2520.02002,2541.469971,6194330000,2541.469971,-0.0336873523173375,-0.0336873523173375
"430",2020-03-30,2558.97998,2631.800049,2545.280029,2626.649902,5746220000,2626.649902,0.0335160092277165,0.0335160092277165
"431",2020-03-31,2614.689941,2641.389893,2571.149902,2584.590088,6568290000,2584.590088,-0.0160127217441406,-0.0160127217441406
"432",2020-04-01,2498.080078,2522.75,2447.48999,2470.5,5947900000,2470.5,-0.0441424303721155,-0.0441424303721155
"433",2020-04-02,2458.540039,2533.219971,2455.790039,2526.899902,6454990000,2526.899902,0.0228293470957297,0.0228293470957297
"434",2020-04-03,2514.919922,2538.179932,2459.959961,2488.649902,6087190000,2488.649902,-0.0151371251270087,-0.0151371251270087
"435",2020-04-06,2578.280029,2676.850098,2574.570068,2663.679932,6391860000,2663.679932,0.0703313189449979,0.0703313189449979
"436",2020-04-07,2738.649902,2756.889893,2657.669922,2659.409912,7040720000,2659.409912,-0.00160305296019325,-0.00160305296019325
"437",2020-04-08,2685,2760.75,2663.300049,2749.97998,5856370000,2749.97998,0.0340564527458977,0.0340564527458977
"438",2020-04-09,2776.98999,2818.570068,2762.360107,2789.820068,7880140000,2789.820068,0.0144874101956189,0.0144874101956189
"439",2020-04-13,2782.459961,2782.459961,2721.169922,2761.629883,5274310000,2761.629883,-0.0101046606278838,-0.0101046606278838
"440",2020-04-14,2805.100098,2851.850098,2805.100098,2846.060059,5567400000,2846.060059,0.0305725892233908,0.0305725892233908
"441",2020-04-15,2795.639893,2801.879883,2761.540039,2783.360107,5203390000,2783.360107,-0.0220304388172435,-0.0220304388172435
"442",2020-04-16,2799.340088,2806.51001,2764.320068,2799.550049,5179990000,2799.550049,0.00581668967636739,0.00581668967636739
"443",2020-04-17,2842.429932,2879.219971,2830.879883,2874.560059,5792140000,2874.560059,0.0267935949302973,0.0267935949302973
"444",2020-04-20,2845.620117,2868.97998,2820.429932,2823.159912,5220160000,2823.159912,-0.0178810482108629,-0.0178810482108629
"445",2020-04-21,2784.810059,2785.540039,2727.100098,2736.560059,5075830000,2736.560059,-0.0306747955126108,-0.0306747955126108
"446",2020-04-22,2787.889893,2815.100098,2775.949951,2799.310059,5049660000,2799.310059,0.0229302477004398,0.0229302477004398
"447",2020-04-23,2810.419922,2844.899902,2794.26001,2797.800049,5756520000,2797.800049,-0.000539422203390871,-0.000539422203390871
"448",2020-04-24,2812.639893,2842.709961,2791.76001,2836.73999,5374480000,2836.73999,0.0139180571584872,0.0139180571584872
"449",2020-04-27,2854.649902,2887.719971,2852.889893,2878.47998,5194260000,2878.47998,0.0147140697233941,0.0147140697233941
"450",2020-04-28,2909.959961,2921.149902,2860.709961,2863.389893,5672880000,2863.389893,-0.00524238038994462,-0.00524238038994462
"451",2020-04-29,2918.459961,2954.860107,2912.159912,2939.51001,6620140000,2939.51001,0.0265839162127683,0.0265839162127683
"452",2020-04-30,2930.909912,2930.909912,2892.469971,2912.429932,6523120000,2912.429932,-0.00921244626072903,-0.00921244626072903
"453",2020-05-01,2869.090088,2869.090088,2821.610107,2830.709961,4753160000,2830.709961,-0.0280590341769636,-0.0280590341769636
"454",2020-05-04,2815.01001,2844.23999,2797.850098,2842.73999,4723140000,2842.73999,0.0042498274870062,0.0042498274870062
"455",2020-05-05,2868.879883,2898.22998,2863.550049,2868.439941,5129590000,2868.439941,0.00904055632608181,0.00904055632608181
"456",2020-05-06,2883.139893,2891.110107,2847.649902,2848.419922,4861920000,2848.419922,-0.00697941020616966,-0.00697941020616966
"457",2020-05-07,2878.26001,2901.919922,2876.47998,2881.189941,5164640000,2881.189941,0.0115046306013022,0.0115046306013022
"458",2020-05-08,2908.830078,2932.159912,2902.879883,2929.800049,4857160000,2929.800049,0.0168715388417358,0.0168715388417358
"459",2020-05-11,2915.459961,2944.25,2903.439941,2930.189941,4807320000,2930.189941,0.000133078023578204,0.000133078023578204
"460",2020-05-12,2939.5,2945.820068,2869.590088,2870.120117,5107710000,2870.120117,-0.0205003174570656,-0.0205003174570656
"461",2020-05-13,2865.860107,2874.139893,2793.149902,2820,6143130000,2820,-0.0174627245400405,-0.0174627245400405
"462",2020-05-14,2794.540039,2852.800049,2766.639893,2852.5,5641920000,2852.5,0.0115248226950355,0.0115248226950355
"463",2020-05-15,2829.949951,2865.01001,2816.780029,2863.699951,5477040000,2863.699951,0.00392636319018402,0.00392636319018402
"464",2020-05-18,2913.860107,2968.090088,2913.860107,2953.909912,6364290000,2953.909912,0.0315011916553962,0.0315011916553962
"465",2020-05-19,2948.590088,2964.209961,2922.350098,2922.939941,4969330000,2922.939941,-0.0104843992953838,-0.0104843992953838
"466",2020-05-20,2953.629883,2980.290039,2953.629883,2971.610107,4992970000,2971.610107,0.0166511002560485,0.0166511002560485
"467",2020-05-21,2969.949951,2978.5,2938.570068,2948.51001,4966940000,2948.51001,-0.00777359618800089,-0.00777359618800089
"468",2020-05-22,2948.050049,2956.76001,2933.590088,2955.449951,3952800000,2955.449951,0.0023537111885199,0.0023537111885199
"469",2020-05-26,3004.080078,3021.719971,2988.169922,2991.77002,5837060000,2991.77002,0.0122891842535553,0.0122891842535553
"470",2020-05-27,3015.649902,3036.25,2969.75,3036.129883,6371230000,3036.129883,0.0148272971195829,0.0148272971195829
"471",2020-05-28,3046.610107,3068.669922,3023.399902,3029.72998,5402670000,3029.72998,-0.0021079147620906,-0.0021079147620906
"472",2020-05-29,3025.169922,3049.169922,2998.610107,3044.310059,7275080000,3044.310059,0.0048123361145207,0.0048123361145207
"473",2020-06-01,3038.780029,3062.179932,3031.540039,3055.72998,4673410000,3055.72998,0.00375123452561565,0.00375123452561565
"474",2020-06-02,3064.780029,3081.070068,3051.639893,3080.820068,5187230000,3080.820068,0.00821083281710644,0.00821083281710644
"475",2020-06-03,3098.899902,3130.939941,3098.899902,3122.870117,5989560000,3122.870117,0.0136489791912118,0.0136489791912118
"476",2020-06-04,3111.560059,3128.909912,3090.409912,3112.350098,6428130000,3112.350098,-0.00336870206120077,-0.00336870206120077
"477",2020-06-05,3163.840088,3211.719971,3163.840088,3193.929932,8617590000,3193.929932,0.0262116508205241,0.0262116508205241
"478",2020-06-08,3199.919922,3233.129883,3196,3232.389893,8437380000,3232.389893,0.0120415794393827,0.0120415794393827
"479",2020-06-09,3213.320068,3222.709961,3193.110107,3207.179932,6382620000,3207.179932,-0.00779917084092929,-0.00779917084092929
"480",2020-06-10,3213.419922,3223.27002,3181.48999,3190.139893,6570840000,3190.139893,-0.00531309105235445,-0.00531309105235445
"481",2020-06-11,3123.530029,3123.530029,2999.48999,3002.100098,7018890000,3002.100098,-0.0589440592911328,-0.0589440592911328
"482",2020-06-12,3071.040039,3088.419922,2984.469971,3041.310059,5832250000,3041.310059,0.0130608439825579,0.0130608439825579
"483",2020-06-15,2993.76001,3079.76001,2965.659912,3066.590088,5740660000,3066.590088,0.00831221694256068,0.00831221694256068
"484",2020-06-16,3131,3153.449951,3076.060059,3124.73999,5829240000,3124.73999,0.0189623980810312,0.0189623980810312
"485",2020-06-17,3136.129883,3141.159912,3108.030029,3113.48999,4549390000,3113.48999,-0.00360029955644403,-0.00360029955644403
"486",2020-06-18,3101.639893,3120,3093.51001,3115.340088,4429030000,3115.340088,0.000594219992979594,0.000594219992979594
"487",2020-06-19,3140.290039,3155.530029,3083.110107,3097.73999,8327780000,3097.73999,-0.00564949491960565,-0.00564949491960565
"488",2020-06-22,3094.419922,3120.919922,3079.389893,3117.860107,4665380000,3117.860107,0.00649509547765503,0.00649509547765503
"489",2020-06-23,3138.699951,3154.899902,3127.120117,3131.290039,4704830000,3131.290039,0.00430741968501036,0.00430741968501036
"490",2020-06-24,3114.399902,3115.01001,3032.129883,3050.330078,5587200000,3050.330078,-0.0258551459595404,-0.0258551459595404
"491",2020-06-25,3046.600098,3086.25,3024.01001,3083.76001,4815420000,3083.76001,0.0109594473860739,0.0109594473860739
"492",2020-06-26,3073.199951,3073.72998,3004.629883,3009.050049,8098120000,3009.050049,-0.0242269050632121,-0.0242269050632121
"493",2020-06-29,3018.590088,3053.889893,2999.73999,3053.23999,4462770000,3053.23999,0.0146856782972704,0.0146856782972704
"494",2020-06-30,3050.199951,3111.51001,3047.830078,3100.290039,4696280000,3100.290039,0.0154098757890302,0.0154098757890302
"495",2020-07-01,3105.919922,3128.439941,3101.169922,3115.860107,4443130000,3115.860107,0.00502213270504925,0.00502213270504925
"496",2020-07-02,3143.639893,3165.810059,3124.52002,3130.01001,4190830000,3130.01001,0.00454125105559489,0.00454125105559489
"497",2020-07-06,3155.290039,3182.590088,3155.290039,3179.719971,4736450000,3179.719971,0.0158817258862376,0.0158817258862376
"498",2020-07-07,3166.439941,3184.149902,3142.929932,3145.320068,4563700000,3145.320068,-0.0108185322335732,-0.0108185322335732
"499",2020-07-08,3153.070068,3171.800049,3136.530029,3169.939941,4927700000,3169.939941,0.00782746190140671,0.00782746190140671
"500",2020-07-09,3176.169922,3179.780029,3115.699951,3152.050049,4829020000,3152.050049,-0.00564360597770708,-0.00564360597770708
"501",2020-07-10,3152.469971,3186.820068,3136.219971,3185.040039,4515340000,3185.040039,0.0104662011983174,0.0104662011983174
"502",2020-07-13,3205.080078,3235.320068,3149.429932,3155.219971,4890780000,3155.219971,-0.00936254101513978,-0.00936254101513978
"503",2020-07-14,3141.110107,3200.949951,3127.659912,3197.52002,4476170000,3197.52002,0.0134063708358798,0.0134063708358798
"504",2020-07-15,3225.97998,3238.280029,3200.76001,3226.560059,4669760000,3226.560059,0.00908205072004531,0.00908205072004531
"505",2020-07-16,3208.360107,3220.389893,3198.590088,3215.570068,3961230000,3215.570068,-0.00340610148239606,-0.00340610148239606
"506",2020-07-17,3224.209961,3233.52002,3205.649902,3224.72998,3993830000,3224.72998,0.00284861216092147,0.00284861216092147
"507",2020-07-20,3224.290039,3258.610107,3215.159912,3251.840088,3971200000,3251.840088,0.0084069389276431,0.0084069389276431
"508",2020-07-21,3268.52002,3277.290039,3247.77002,3257.300049,4547960000,3257.300049,0.00167903736107711,0.00167903736107711
"509",2020-07-22,3254.860107,3279.320068,3253.100098,3276.02002,4255190000,3276.02002,0.00574708215957775,0.00574708215957775
"510",2020-07-23,3271.639893,3279.98999,3222.659912,3235.659912,4290460000,3235.659912,-0.0123198599989019,-0.0123198599989019
"511",2020-07-24,3218.580078,3227.26001,3200.050049,3215.629883,3894900000,3215.629883,-0.00619039996314674,-0.00619039996314674
"512",2020-07-27,3219.840088,3241.429932,3214.25,3239.409912,3963910000,3239.409912,0.0073951387022857,0.0073951387022857
"513",2020-07-28,3234.27002,3243.719971,3216.169922,3218.439941,4027890000,3218.439941,-0.00647339224416132,-0.00647339224416132
"514",2020-07-29,3227.219971,3264.73999,3227.219971,3258.439941,4676300000,3258.439941,0.0124283816797188,0.0124283816797188
"515",2020-07-30,3231.76001,3250.919922,3204.129883,3246.219971,4254010000,3246.219971,-0.003750251722071,-0.003750251722071
"516",2020-07-31,3270.449951,3272.169922,3220.26001,3271.120117,5117260000,3271.120117,0.00767050484022791,0.00767050484022791
"517",2020-08-03,3288.26001,3302.72998,3284.530029,3294.610107,4643640000,3294.610107,0.00718102336808801,0.00718102336808801
"518",2020-08-04,3289.919922,3306.840088,3286.370117,3306.51001,4621670000,3306.51001,0.00361193058162379,0.00361193058162379
"519",2020-08-05,3317.370117,3330.77002,3317.370117,3327.77002,4732220000,3327.77002,0.00642974312362665,0.00642974312362665
"520",2020-08-06,3323.169922,3351.030029,3318.139893,3349.159912,4267490000,3349.159912,0.00642769538503152,0.00642769538503152
"521",2020-08-07,3340.050049,3352.540039,3328.719971,3351.280029,4104860000,3351.280029,0.000633029492680626,0.000633029492680626
"522",2020-08-10,3356.040039,3363.290039,3335.439941,3360.469971,4318570000,3360.469971,0.00274221847188993,0.00274221847188993
"523",2020-08-11,3370.340088,3381.01001,3326.439941,3333.689941,5087650000,3333.689941,-0.0079691323627662,-0.0079691323627662
"524",2020-08-12,3355.459961,3387.889893,3355.459961,3380.350098,3768560000,3380.350098,0.0139965497169192,0.0139965497169192
"525",2020-08-13,3372.949951,3387.23999,3363.350098,3373.429932,3648810000,3373.429932,-0.00204717434566737,-0.00204717434566737
"526",2020-08-14,3368.659912,3378.51001,3361.639893,3372.850098,3193400000,3372.850098,-0.000171882627381659,-0.000171882627381659
"527",2020-08-17,3380.860107,3387.590088,3379.219971,3381.98999,3671290000,3381.98999,0.00270984233939719,0.00270984233939719
"528",2020-08-18,3387.040039,3395.060059,3370.149902,3389.780029,3881310000,3389.780029,0.0023033891356965,0.0023033891356965
"529",2020-08-19,3392.51001,3399.540039,3369.659912,3374.850098,3884480000,3374.850098,-0.00440439523280944,-0.00440439523280944
"530",2020-08-20,3360.47998,3390.800049,3354.689941,3385.51001,3642850000,3385.51001,0.00315863273640438,0.00315863273640438
"531",2020-08-21,3386.01001,3399.959961,3379.310059,3397.159912,3705420000,3397.159912,0.0034411069427025,0.0034411069427025
"532",2020-08-24,3418.090088,3432.090088,3413.129883,3431.280029,3728690000,3431.280029,0.0100437182481388,0.0100437182481388
"533",2020-08-25,3435.949951,3444.209961,3425.840088,3443.620117,3619300000,3443.620117,0.00359635118547774,0.00359635118547774
"534",2020-08-26,3449.969971,3481.070068,3444.149902,3478.72998,3754360000,3478.72998,0.0101956260583664,0.0101956260583664
"535",2020-08-27,3485.139893,3501.379883,3468.350098,3484.550049,3929560000,3484.550049,0.00167304419528413,0.00167304419528413
"536",2020-08-28,3494.689941,3509.22998,3484.320068,3508.01001,3855880000,3508.01001,0.00673256537289024,0.00673256537289024
"537",2020-08-31,3509.72998,3514.77002,3493.25,3500.310059,4342290000,3500.310059,-0.00219496266488706,-0.00219496266488706
"538",2020-09-01,3507.439941,3528.030029,3494.600098,3526.649902,4083110000,3526.649902,0.00752500280147328,0.00752500280147328
"539",2020-09-02,3543.76001,3588.110107,3535.22998,3580.840088,4285190000,3580.840088,0.0153659102847912,0.0153659102847912
"540",2020-09-03,3564.73999,3564.850098,3427.409912,3455.060059,4898680000,3455.060059,-0.0351258436313618,-0.0351258436313618
"541",2020-09-04,3453.600098,3479.149902,3349.629883,3426.959961,4431440000,3426.959961,-0.0081330273628103,-0.0081330273628103
"542",2020-09-08,3371.879883,3379.969971,3329.27002,3331.840088,4665600000,3331.840088,-0.0277563420881766,-0.0277563420881766
"543",2020-09-09,3369.820068,3424.77002,3366.840088,3398.959961,3920830000,3398.959961,0.0201449863220446,0.0201449863220446
"544",2020-09-10,3412.560059,3425.550049,3329.25,3339.189941,4192250000,3339.189941,-0.0175847967277658,-0.0175847967277658
"545",2020-09-11,3352.699951,3368.949951,3310.469971,3340.969971,3704450000,3340.969971,0.000533072401226464,0.000533072401226464
"546",2020-09-14,3363.560059,3402.929932,3363.560059,3383.540039,3832130000,3383.540039,0.0127418289806591,0.0127418289806591
"547",2020-09-15,3407.72998,3419.47998,3389.25,3401.199951,4051460000,3401.199951,0.00521935954545971,0.00521935954545971
"548",2020-09-16,3411.22998,3428.919922,3384.449951,3385.48999,4710030000,3385.48999,-0.00461894661482076,-0.00461894661482076
"549",2020-09-17,3346.860107,3375.169922,3328.820068,3357.01001,4371940000,3357.01001,-0.00841236573852644,-0.00841236573852644
"550",2020-09-18,3357.379883,3362.27002,3292.399902,3319.469971,7068700000,3319.469971,-0.011182581788012,-0.011182581788012
"551",2020-09-21,3285.570068,3285.570068,3229.100098,3281.060059,4828350000,3281.060059,-0.0115710978968214,-0.0115710978968214
"552",2020-09-22,3295.75,3320.310059,3270.949951,3315.570068,3963300000,3315.570068,0.0105179449261645,0.0105179449261645
"553",2020-09-23,3320.110107,3323.350098,3232.570068,3236.919922,4364500000,3236.919922,-0.0237214549495083,-0.0237214549495083
"554",2020-09-24,3226.139893,3278.699951,3209.449951,3246.590088,4599470000,3246.590088,0.00298745913801435,0.00298745913801435
"555",2020-09-25,3236.659912,3306.879883,3228.439941,3298.459961,3792220000,3298.459961,0.0159767237606376,0.0159767237606376
"556",2020-09-28,3333.899902,3360.73999,3332.909912,3351.600098,3946060000,3351.600098,0.0161105902840455,0.0161105902840455
"557",2020-09-29,3350.919922,3357.919922,3327.540039,3335.469971,3651880000,3335.469971,-0.00481266455673668,-0.00481266455673668
"558",2020-09-30,3341.209961,3393.560059,3340.469971,3363,4722530000,3363,0.00825371813848053,0.00825371813848053
"559",2020-10-01,3385.870117,3397.179932,3361.389893,3380.800049,4070530000,3380.800049,0.00529290782039848,0.00529290782039848
"560",2020-10-02,3338.939941,3369.100098,3323.689941,3348.419922,3961550000,3348.419922,-0.00957765219199447,-0.00957765219199447
"561",2020-10-05,3367.27002,3409.570068,3367.27002,3408.600098,3686920000,3408.600098,0.0179727087408004,0.0179727087408004
"562",2020-10-06,3408.73999,3431.560059,3354.540039,3360.969971,4443380000,3360.969971,-0.0139735157045694,-0.0139735157045694
"563",2020-10-07,3384.560059,3426.26001,3384.560059,3419.439941,3807830000,3419.439941,0.0173967546584783,0.0173967546584783
"564",2020-10-08,3434.280029,3447.280029,3428.149902,3446.830078,3856190000,3446.830078,0.00801012372569687,0.00801012372569687
"565",2020-10-09,3459.669922,3482.340088,3458.070068,3477.139893,3939060000,3477.139893,0.00879353327959453,0.00879353327959453
"566",2020-10-12,3500.02002,3549.850098,3499.610107,3534.219971,3428970000,3534.219971,0.0164158129257068,0.0164158129257068
"567",2020-10-13,3534.01001,3534.01001,3500.860107,3511.929932,3605150000,3511.929932,-0.00630691897587043,-0.00630691897587043
"568",2020-10-14,3515.469971,3527.939941,3480.550049,3488.669922,3840630000,3488.669922,-0.00662314181956181,-0.00662314181956181
"569",2020-10-15,3453.719971,3489.080078,3440.889893,3483.340088,3717640000,3483.340088,-0.00152775531052374,-0.00152775531052374
"570",2020-10-16,3493.5,3515.76001,3480.449951,3483.810059,4675890000,3483.810059,0.000134919642678311,0.000134919642678311
"571",2020-10-19,3493.659912,3502.419922,3419.929932,3426.919922,4086200000,3426.919922,-0.0163298618571444,-0.0163298618571444
"572",2020-10-20,3439.379883,3476.929932,3435.649902,3443.120117,3901260000,3443.120117,0.00472733398174796,0.00472733398174796
"573",2020-10-21,3439.909912,3464.860107,3433.060059,3435.560059,4097750000,3435.560059,-0.00219569975577472,-0.00219569975577472
"574",2020-10-22,3438.5,3460.530029,3415.340088,3453.48999,4163630000,3453.48999,0.005218925209306,0.005218925209306
"575",2020-10-23,3464.899902,3466.459961,3440.449951,3465.389893,3646570000,3465.389893,0.00344576154396203,0.00344576154396203
"576",2020-10-26,3441.419922,3441.419922,3364.860107,3400.969971,3988080000,3400.969971,-0.0185895163283435,-0.0185895163283435
"577",2020-10-27,3403.149902,3409.51001,3388.709961,3390.679932,3946990000,3390.679932,-0.00302561889335773,-0.00302561889335773
"578",2020-10-28,3342.47998,3342.47998,3268.889893,3271.030029,5129860000,3271.030029,-0.0352878789504099,-0.0352878789504099
"579",2020-10-29,3277.169922,3341.050049,3259.820068,3310.110107,4903070000,3310.110107,0.0119473308571085,0.0119473308571085
"580",2020-10-30,3293.590088,3304.929932,3233.939941,3269.959961,4840450000,3269.959961,-0.0121295499853896,-0.0121295499853896
"581",2020-11-02,3296.199951,3330.139893,3279.73999,3310.23999,4310590000,3310.23999,0.0123182025102477,0.0123182025102477
"582",2020-11-03,3336.25,3389.48999,3336.25,3369.159912,4220070000,3369.159912,0.0177992901354562,0.0177992901354562
"583",2020-11-04,3406.459961,3486.25,3405.169922,3443.439941,4783040000,3443.439941,0.0220470476142838,0.0220470476142838
"584",2020-11-05,3485.73999,3529.050049,3485.73999,3510.449951,4841190000,3510.449951,0.0194601942093231,0.0194601942093231
"585",2020-11-06,3508.340088,3521.580078,3484.340088,3509.439941,4833950000,3509.439941,-0.000287715254197574,-0.000287715254197574
"586",2020-11-09,3583.040039,3645.98999,3547.47998,3550.5,8556610000,3550.5,0.0116998893528009,0.0116998893528009
"587",2020-11-10,3543.26001,3557.219971,3511.909912,3545.530029,6024230000,3545.530029,-0.00139979467680607,-0.00139979467680607
"588",2020-11-11,3563.219971,3581.159912,3557,3572.659912,4609970000,3572.659912,0.00765185537228463,0.00765185537228463
"589",2020-11-12,3562.669922,3569.02002,3518.580078,3537.01001,4890120000,3537.01001,-0.00997853220796574,-0.00997853220796574
"590",2020-11-13,3552.570068,3593.659912,3552.570068,3585.149902,4709670000,3585.149902,0.0136103352447114,0.0136103352447114
"591",2020-11-16,3600.159912,3628.51001,3600.159912,3626.909912,5281980000,3626.909912,0.0116480513065029,0.0116480513065029
"592",2020-11-17,3610.310059,3623.110107,3588.679932,3609.530029,4799570000,3609.530029,-0.00479192574993303,-0.00479192574993303
"593",2020-11-18,3612.090088,3619.090088,3567.330078,3567.790039,5274450000,3567.790039,-0.0115638295469629,-0.0115638295469629
"594",2020-11-19,3559.409912,3585.219971,3543.840088,3581.870117,4347200000,3581.870117,0.00394644243245512,0.00394644243245512
"595",2020-11-20,3579.310059,3581.22998,3556.850098,3557.540039,4218970000,3557.540039,-0.00679256288063779,-0.00679256288063779
"596",2020-11-23,3566.820068,3589.810059,3552.77002,3577.590088,5036290000,3577.590088,0.00563593066562817,0.00563593066562817
"597",2020-11-24,3594.52002,3642.310059,3594.52002,3635.409912,6267570000,3635.409912,0.0161616682117776,0.0161616682117776
"598",2020-11-25,3635.5,3635.5,3617.76001,3629.649902,4902560000,3629.649902,-0.00158441830204259,-0.00158441830204259
"599",2020-11-27,3638.550049,3644.310059,3629.330078,3638.350098,2778450000,3638.350098,0.00239697938779315,0.00239697938779315
"600",2020-11-30,3634.179932,3634.179932,3594.389893,3621.629883,6291400000,3621.629883,-0.00459554868268197,-0.00459554868268197
"601",2020-12-01,3645.870117,3678.449951,3645.870117,3662.449951,5403660000,3662.449951,0.0112711870949624,0.0112711870949624
"602",2020-12-02,3653.780029,3670.959961,3644.840088,3669.01001,5029620000,3669.01001,0.00179116686583214,0.00179116686583214
"603",2020-12-03,3668.280029,3682.72998,3657.169922,3666.719971,5091760000,3666.719971,-0.00062415719601705,-0.00062415719601705
"604",2020-12-04,3670.939941,3699.199951,3670.939941,3699.120117,5086370000,3699.120117,0.00883627499679607,0.00883627499679607
"605",2020-12-07,3694.72998,3697.409912,3678.879883,3691.959961,4788560000,3691.959961,-0.00193563760395188,-0.00193563760395188
"606",2020-12-08,3683.050049,3708.449951,3678.830078,3702.25,4549670000,3702.25,0.00278714804838054,0.00278714804838054
"607",2020-12-09,3705.97998,3712.389893,3660.540039,3672.820068,5209940000,3672.820068,-0.00794920170166791,-0.00794920170166791
"608",2020-12-10,3659.129883,3678.48999,3645.179932,3668.100098,4618240000,3668.100098,-0.00128510787694813,-0.00128510787694813
"609",2020-12-11,3656.080078,3665.909912,3633.399902,3663.459961,4367150000,3663.459961,-0.00126499737630659,-0.00126499737630659
"610",2020-12-14,3675.27002,3697.610107,3645.840088,3647.48999,4594920000,3647.48999,-0.00435925905292023,-0.00435925905292023
"611",2020-12-15,3666.409912,3695.290039,3659.620117,3694.620117,4360280000,3694.620117,0.0129212491683903,0.0129212491683903
"612",2020-12-16,3696.25,3711.27002,3688.570068,3701.169922,4056950000,3701.169922,0.00177279525163154,0.00177279525163154
"613",2020-12-17,3713.649902,3725.120117,3710.870117,3722.47998,4184930000,3722.47998,0.00575765459276312,0.00575765459276312
"614",2020-12-18,3722.389893,3726.699951,3685.840088,3709.409912,7068340000,3709.409912,-0.00351111841305318,-0.00351111841305318
"615",2020-12-21,3684.280029,3702.899902,3636.47998,3694.919922,4732160000,3694.919922,-0.00390627898877516,-0.00390627898877516
"616",2020-12-22,3698.080078,3698.26001,3676.159912,3687.26001,4023940000,3687.26001,-0.00207309283061641,-0.00207309283061641
"617",2020-12-23,3693.419922,3711.23999,3689.280029,3690.01001,3772630000,3690.01001,0.000745811250777439,0.000745811250777439
"618",2020-12-24,3694.030029,3703.820068,3689.320068,3703.060059,1885090000,3703.060059,0.00353658905115006,0.00353658905115006
"619",2020-12-28,3723.030029,3740.51001,3723.030029,3735.360107,3527460000,3735.360107,0.00872252879655488,0.00872252879655488
"620",2020-12-29,3750.01001,3756.120117,3723.310059,3727.040039,3387030000,3727.040039,-0.00222738042964277,-0.00222738042964277
"621",2020-12-30,3736.189941,3744.629883,3730.209961,3732.040039,3145200000,3732.040039,0.00134154716549317,0.00134154716549317
"622",2020-12-31,3733.27002,3760.199951,3726.879883,3756.070068,3172510000,3756.070068,0.00643884544348006,0.00643884544348006
"623",2021-01-04,3764.610107,3769.98999,3662.709961,3700.649902,5006680000,3700.649902,-0.0147548275183028,-0.0147548275183028
"624",2021-01-05,3698.02002,3737.830078,3695.070068,3726.860107,4582620000,3726.860107,0.00708259513709586,0.00708259513709586
"625",2021-01-06,3712.199951,3783.040039,3705.340088,3748.139893,6049970000,3748.139893,0.00570984297479571,0.00570984297479571
"626",2021-01-07,3764.709961,3811.550049,3764.709961,3803.790039,5080870000,3803.790039,0.0148474036691992,0.0148474036691992
"627",2021-01-08,3815.050049,3826.689941,3783.600098,3824.679932,4764180000,3824.679932,0.00549186279626834,0.00549186279626834
"628",2021-01-11,3803.139893,3817.860107,3789.02002,3799.610107,4450500000,3799.610107,-0.00655475110224202,-0.00655475110224202
"629",2021-01-12,3801.620117,3810.780029,3776.51001,3801.189941,4977210000,3801.189941,0.000415788450791155,0.000415788450791155
"630",2021-01-13,3802.22998,3820.959961,3791.5,3809.840088,4590420000,3809.840088,0.00227564187379814,0.00227564187379814
"631",2021-01-14,3814.97998,3823.600098,3792.860107,3795.540039,5180140000,3795.540039,-0.00375345123934234,-0.00375345123934234
"632",2021-01-15,3788.72998,3788.72998,3749.620117,3768.25,5353060000,3768.25,-0.00719002795902268,-0.00719002795902268
"633",2021-01-19,3781.879883,3804.530029,3780.370117,3798.909912,4982940000,3798.909912,0.00813637948649903,0.00813637948649903
"634",2021-01-20,3816.219971,3859.75,3816.219971,3851.850098,4551790000,3851.850098,0.013935625541625,0.013935625541625
"635",2021-01-21,3857.459961,3861.449951,3845.050049,3853.070068,4484460000,3853.070068,0.000316723124981877,0.000316723124981877
"636",2021-01-22,3844.23999,3852.310059,3830.409912,3841.469971,5080430000,3841.469971,-0.00301061148519965,-0.00301061148519965
"637",2021-01-25,3851.679932,3859.22998,3797.159912,3855.360107,6955860000,3855.360107,0.00361583875570015,0.00361583875570015
"638",2021-01-26,3862.959961,3870.899902,3847.780029,3849.620117,6029090000,3849.620117,-0.00148883368626918,-0.00148883368626918
"639",2021-01-27,3836.830078,3836.830078,3732.47998,3750.77002,9878040000,3750.77002,-0.0256778835302414,-0.0256778835302414
"640",2021-01-28,3755.75,3830.5,3755.75,3787.379883,6937960000,3787.379883,0.00976062589942539,0.00976062589942539
"641",2021-01-29,3778.050049,3778.050049,3694.120117,3714.23999,6612570000,3714.23999,-0.0193114752835581,-0.0193114752835581
"642",2021-02-01,3731.169922,3784.320068,3725.620117,3773.860107,5392870000,3773.860107,0.016051767564971,0.016051767564971
"643",2021-02-02,3791.840088,3843.090088,3791.840088,3826.310059,5495370000,3826.310059,0.0138982237054077,0.0138982237054077
"644",2021-02-03,3840.27002,3847.51001,3816.679932,3830.169922,4846900000,3830.169922,0.00100876900734193,0.00100876900734193
"645",2021-02-04,3836.659912,3872.419922,3836.659912,3871.73999,4856670000,3871.73999,0.0108533221362392,0.0108533221362392
"646",2021-02-05,3878.300049,3894.560059,3874.929932,3886.830078,4838580000,3886.830078,0.00389749519311078,0.00389749519311078
"647",2021-02-08,3892.590088,3915.77002,3892.590088,3915.590088,4635030000,3915.590088,0.00739934842091139,0.00739934842091139
"648",2021-02-09,3910.48999,3918.350098,3902.639893,3911.22998,4554610000,3911.22998,-0.00111352513976426,-0.00111352513976426
"649",2021-02-10,3920.780029,3931.5,3884.939941,3909.879883,4815380000,3909.879883,-0.000345184764614648,-0.000345184764614648
"650",2021-02-11,3916.399902,3925.98999,3890.389893,3916.379883,4570080000,3916.379883,0.00166245516345964,0.00166245516345964
"651",2021-02-12,3911.649902,3937.22998,3905.780029,3934.830078,4119260000,3934.830078,0.00471103303336018,0.00471103303336018
"652",2021-02-16,3939.610107,3950.429932,3923.850098,3932.590088,5037360000,3932.590088,-0.000569272358804995,-0.000569272358804995
"653",2021-02-17,3918.5,3933.610107,3900.429932,3931.330078,4718280000,3931.330078,-0.000320402068815895,-0.000320402068815895
"654",2021-02-18,3915.860107,3921.97998,3885.030029,3913.969971,4773430000,3913.969971,-0.00441583552018399,-0.00441583552018399
"655",2021-02-19,3921.159912,3930.409912,3903.070068,3906.709961,4823940000,3906.709961,-0.00185489670431604,-0.00185489670431604
"656",2021-02-22,3885.550049,3902.919922,3874.709961,3876.5,5870190000,3876.5,-0.00773283947402825,-0.00773283947402825
"657",2021-02-23,3857.070068,3895.97998,3805.590088,3881.370117,6280650000,3881.370117,0.00125631807042437,0.00125631807042437
"658",2021-02-24,3873.709961,3928.649902,3859.600098,3925.429932,5942350000,3925.429932,0.0113516139074248,0.0113516139074248
"659",2021-02-25,3915.800049,3925.02002,3814.040039,3829.340088,6513060000,3829.340088,-0.0244788075865724,-0.0244788075865724
"660",2021-02-26,3839.659912,3861.080078,3789.540039,3811.149902,6512950000,3811.149902,-0.00475021428809685,-0.00475021428809685
"661",2021-03-01,3842.51001,3914.5,3842.51001,3901.820068,5071540000,3901.820068,0.0237907635048462,0.0237907635048462
"662",2021-03-02,3903.639893,3906.409912,3868.570068,3870.290039,5493690000,3870.290039,-0.00808085161552863,-0.00808085161552863
"663",2021-03-03,3863.98999,3874.469971,3818.860107,3819.719971,6150790000,3819.719971,-0.0130662217793543,-0.0130662217793543
"664",2021-03-04,3818.530029,3843.669922,3723.340088,3768.469971,7142240000,3768.469971,-0.0134172139290574,-0.0134172139290574
"665",2021-03-05,3793.580078,3851.689941,3730.189941,3841.939941,6842570000,3841.939941,0.0194959680096651,0.0194959680096651
"666",2021-03-08,3844.389893,3881.060059,3819.25,3821.350098,5852240000,3821.350098,-0.00535923083551404,-0.00535923083551404
"667",2021-03-09,3851.929932,3903.76001,3851.929932,3875.439941,5496340000,3875.439941,0.0141546421062833,0.0141546421062833
"668",2021-03-10,3891.98999,3917.350098,3885.72998,3898.810059,5827250000,3898.810059,0.00603031355298711,0.00603031355298711
"669",2021-03-11,3915.540039,3960.27002,3915.540039,3939.340088,5300010000,3939.340088,0.0103954869272076,0.0103954869272076
"670",2021-03-12,3924.52002,3944.98999,3915.209961,3943.340088,4469240000,3943.340088,0.00101539849585075,0.00101539849585075
"671",2021-03-15,3942.959961,3970.080078,3923.540039,3968.939941,4882190000,3968.939941,0.00649192117055875,0.00649192117055875
"672",2021-03-16,3973.590088,3981.040039,3953.439941,3962.709961,4604870000,3962.709961,-0.0015696836164345,-0.0015696836164345
"673",2021-03-17,3949.570068,3983.870117,3935.73999,3974.120117,4541620000,3974.120117,0.00287938206739735,0.00287938206739735
"674",2021-03-18,3953.5,3969.620117,3910.860107,3915.459961,4043170000,3915.459961,-0.0147605392572486,-0.0147605392572486
"675",2021-03-19,3913.139893,3930.120117,3886.75,3913.100098,7725050000,3913.100098,-0.000602703902863433,-0.000602703902863433
"676",2021-03-22,3916.47998,3955.310059,3914.159912,3940.590088,4311380000,3940.590088,0.0070251180167995,0.0070251180167995
"677",2021-03-23,3937.600098,3949.129883,3901.570068,3910.52002,4645340000,3910.52002,-0.0076308540925305,-0.0076308540925305
"678",2021-03-24,3919.929932,3942.080078,3889.070068,3889.139893,4766990000,3889.139893,-0.00546733602964644,-0.00546733602964644
"679",2021-03-25,3879.340088,3919.540039,3853.5,3909.52002,4940800000,3909.52002,0.00524026585844384,0.00524026585844384
"680",2021-03-26,3917.120117,3978.189941,3917.120117,3974.540039,5467850000,3974.540039,0.0166312024666393,0.0166312024666393
"681",2021-03-29,3969.310059,3981.830078,3943.25,3971.090088,4619840000,3971.090088,-0.000868012642003202,-0.000868012642003202
"682",2021-03-30,3963.340088,3968.01001,3944.350098,3958.550049,4103570000,3958.550049,-0.00315783291794214,-0.00315783291794214
"683",2021-03-31,3967.25,3994.409912,3966.97998,3972.889893,4564980000,3972.889893,0.00362249910257484,0.00362249910257484
"684",2021-04-01,3992.780029,4020.629883,3992.780029,4019.870117,4151240000,4019.870117,0.0118252016203058,0.0118252016203058
"685",2021-04-05,4034.439941,4083.419922,4034.439941,4077.909912,3999760000,4077.909912,0.014438226437852,0.014438226437852
"686",2021-04-06,4075.570068,4086.22998,4068.139893,4073.939941,4027880000,4073.939941,-0.000973530824778024,-0.000973530824778024
"687",2021-04-07,4074.290039,4083.129883,4068.310059,4079.949951,4112640000,4079.949951,0.00147523284266304,0.00147523284266304
"688",2021-04-08,4089.949951,4098.189941,4082.540039,4097.169922,3901910000,4097.169922,0.00422063290158237,0.00422063290158237
"689",2021-04-09,4096.109863,4129.47998,4095.51001,4128.799805,3634910000,4128.799805,0.00771993439426599,0.00771993439426599
"690",2021-04-12,4124.709961,4131.759766,4114.819824,4127.990234,3578500000,4127.990234,-0.000196079015267192,-0.000196079015267192
"691",2021-04-13,4130.100098,4148,4124.430176,4141.589844,3728440000,4141.589844,0.00329448696074608,0.00329448696074608
"692",2021-04-14,4141.580078,4151.689941,4120.870117,4124.660156,3976540000,4124.660156,-0.00408772684830838,-0.00408772684830838
"693",2021-04-15,4139.759766,4173.490234,4139.759766,4170.419922,4027680000,4170.419922,0.0110941906167554,0.0110941906167554
"694",2021-04-16,4174.140137,4191.310059,4170.75,4185.470215,4157430000,4185.470215,0.00360881956289494,0.00360881956289494
"695",2021-04-19,4179.799805,4180.810059,4150.470215,4163.259766,3788020000,4163.259766,-0.0053065600420239,-0.0053065600420239
"696",2021-04-20,4159.180176,4159.180176,4118.379883,4134.939941,4338230000,4134.939941,-0.00680231995881675,-0.00680231995881675
"697",2021-04-21,4128.419922,4175.02002,4126.350098,4173.419922,3865820000,4173.419922,0.00930605560154629,0.00930605560154629
"698",2021-04-22,4170.459961,4179.569824,4123.689941,4134.97998,4235040000,4134.97998,-0.00921065761855533,-0.00921065761855533
"699",2021-04-23,4138.779785,4194.169922,4138.779785,4180.169922,3568080000,4180.169922,0.010928696685008,0.010928696685008
"700",2021-04-26,4185.029785,4194.189941,4182.359863,4187.620117,3738920000,4187.620117,0.00178227084999349,0.00178227084999349
"701",2021-04-27,4188.25,4193.350098,4176.220215,4186.720215,3703240000,4186.720215,-0.00021489580593681,-0.00021489580593681
"702",2021-04-28,4185.140137,4201.529785,4181.779785,4183.180176,3772390000,4183.180176,-0.000845539901930259,-0.000845539901930259
"703",2021-04-29,4206.140137,4218.779785,4176.810059,4211.470215,4288940000,4211.470215,0.00676280671875129,0.00676280671875129
"704",2021-04-30,4198.100098,4198.100098,4174.850098,4181.169922,4273680000,4181.169922,-0.0071947067064797,-0.0071947067064797
"705",2021-05-03,4191.97998,4209.390137,4188.029785,4192.660156,4061170000,4192.660156,0.00274809065748371,0.00274809065748371
"706",2021-05-04,4179.040039,4179.040039,4128.589844,4164.660156,4441080000,4164.660156,-0.00667833760862535,-0.00667833760862535
"707",2021-05-05,4177.060059,4187.720215,4160.939941,4167.589844,4029050000,4167.589844,0.000703463881867927,0.000703463881867927
"708",2021-05-06,4169.140137,4202.700195,4147.330078,4201.620117,4504860000,4201.620117,0.0081654563605853,0.0081654563605853
"709",2021-05-07,4210.339844,4238.040039,4201.640137,4232.600098,4013060000,4232.600098,0.00737334174373649,0.00737334174373649
"710",2021-05-10,4228.290039,4236.390137,4188.129883,4188.430176,3678970000,4188.430176,-0.0104356473508733,-0.0104356473508733
"711",2021-05-11,4150.339844,4162.040039,4111.529785,4152.100098,3593110000,4152.100098,-0.00867391277242102,-0.00867391277242102
"712",2021-05-12,4130.549805,4134.72998,4056.879883,4063.040039,3735080000,4063.040039,-0.021449400760569,-0.021449400760569
"713",2021-05-13,4074.98999,4131.580078,4074.98999,4112.5,3687780000,4112.5,0.0121731414224935,0.0121731414224935
"714",2021-05-14,4129.580078,4183.129883,4129.580078,4173.850098,3251920000,4173.850098,0.0149179569604863,0.0149179569604863
"715",2021-05-17,4169.919922,4171.919922,4142.689941,4163.290039,3307130000,4163.290039,-0.00253005229034453,-0.00253005229034453
"716",2021-05-18,4165.939941,4169.149902,4125.990234,4127.830078,3559790000,4127.830078,-0.00851729297450476,-0.00851729297450476
"717",2021-05-19,4098.450195,4116.930176,4061.409912,4115.680176,3485550000,4115.680176,-0.00294341137363074,-0.00294341137363074
"718",2021-05-20,4121.970215,4172.799805,4121.970215,4159.120117,3019060000,4159.120117,0.0105547416568748,0.0105547416568748
"719",2021-05-21,4168.609863,4188.720215,4151.720215,4155.859863,3344620000,4155.859863,-0.00078388070271751,-0.00078388070271751
"720",2021-05-24,4170.160156,4209.52002,4170.160156,4197.049805,2947400000,4197.049805,0.00991129233367993,0.00991129233367993
"721",2021-05-25,4205.939941,4213.419922,4182.52002,4188.129883,3420870000,4188.129883,-0.00212528380992139,-0.00212528380992139
"722",2021-05-26,4191.589844,4202.609863,4184.109863,4195.990234,3674490000,4195.990234,0.00187681643587667,0.00187681643587667
"723",2021-05-27,4201.939941,4213.379883,4197.779785,4200.879883,5201110000,4200.879883,0.00116531467599201,0.00116531467599201
"724",2021-05-28,4210.77002,4218.359863,4203.569824,4204.109863,4199270000,4204.109863,0.000768881779522168,0.000768881779522168
"725",2021-06-01,4216.52002,4234.120117,4197.589844,4202.040039,4122960000,4202.040039,-0.000492333470686779,-0.000492333470686779
"726",2021-06-02,4206.819824,4217.370117,4198.27002,4208.120117,4860930000,4208.120117,0.00144693480870473,0.00144693480870473
"727",2021-06-03,4191.430176,4204.390137,4167.930176,4192.850098,4579450000,4192.850098,-0.0036287032155552,-0.0036287032155552
"728",2021-06-04,4206.049805,4233.450195,4206.049805,4229.890137,3487070000,4229.890137,0.00883409569487559,0.00883409569487559
"729",2021-06-07,4229.339844,4232.339844,4215.660156,4226.52002,3835570000,4226.52002,-0.000796738660070906,-0.000796738660070906
"730",2021-06-08,4233.810059,4236.740234,4208.410156,4227.259766,3943870000,4227.259766,0.000175024842305138,0.000175024842305138
"731",2021-06-09,4232.990234,4237.089844,4218.740234,4219.549805,3902870000,4219.549805,-0.001823867334109,-0.001823867334109
"732",2021-06-10,4228.560059,4249.740234,4220.339844,4239.180176,3502480000,4239.180176,0.0046522429896998,0.0046522429896998
"733",2021-06-11,4242.899902,4248.379883,4232.25,4247.439941,3204280000,4247.439941,0.00194843452202442,0.00194843452202442
"734",2021-06-14,4248.310059,4255.589844,4234.069824,4255.149902,3612050000,4255.149902,0.00181520188798379,0.00181520188798379
"735",2021-06-15,4255.279785,4257.160156,4238.350098,4246.589844,3578450000,4246.589844,-0.0020116936411515,-0.0020116936411515
"736",2021-06-16,4248.870117,4251.890137,4202.450195,4223.700195,3722050000,4223.700195,-0.00539012474499756,-0.00539012474499756
"737",2021-06-17,4220.370117,4232.290039,4196.049805,4221.859863,3952110000,4221.859863,-0.00043571558468547,-0.00043571558468547
"738",2021-06-18,4204.779785,4204.779785,4164.399902,4166.450195,6084980000,4166.450195,-0.0131244687881766,-0.0131244687881766
"739",2021-06-21,4173.399902,4226.240234,4173.399902,4224.790039,3391740000,4224.790039,0.0140022900237742,0.0140022900237742
"740",2021-06-22,4224.609863,4255.839844,4217.27002,4246.439941,3208760000,4246.439941,0.00512449182092922,0.00512449182092922
"741",2021-06-23,4249.27002,4256.600098,4241.430176,4241.839844,3172440000,4241.839844,-0.0010832831887212,-0.0010832831887212
"742",2021-06-24,4256.970215,4271.279785,4256.970215,4266.490234,3141680000,4266.490234,0.00581124957720114,0.00581124957720114
"743",2021-06-25,4274.450195,4286.120117,4271.160156,4280.700195,6248390000,4280.700195,0.00333059733425856,0.00333059733425856
"744",2021-06-28,4284.899902,4292.140137,4274.669922,4290.609863,3415610000,4290.609863,0.00231496426953104,0.00231496426953104
"745",2021-06-29,4293.209961,4300.52002,4287.040039,4291.799805,3049560000,4291.799805,0.000277336331662603,0.000277336331662603
"746",2021-06-30,4290.649902,4302.430176,4287.959961,4297.5,3687880000,4297.5,0.00132815957383658,0.00132815957383658
"747",2021-07-01,4300.72998,4320.660156,4300.72998,4319.939941,3077580000,4319.939941,0.00522162675974402,0.00522162675974402
"748",2021-07-02,4326.600098,4355.430176,4326.600098,4352.339844,2628550000,4352.339844,0.00750008181653117,0.00750008181653117
"749",2021-07-06,4356.459961,4356.459961,4314.370117,4343.540039,3437900000,4343.540039,-0.0020218561315084,-0.0020218561315084
"750",2021-07-07,4351.009766,4361.879883,4329.790039,4358.129883,3243900000,4358.129883,0.0033589753677874,0.0033589753677874
"751",2021-07-08,4321.069824,4330.879883,4289.370117,4320.819824,3393780000,4320.819824,-0.00856102502716516,-0.00856102502716516
"752",2021-07-09,4329.379883,4371.600098,4329.379883,4369.549805,2738280000,4369.549805,0.011277947932318,0.011277947932318
"753",2021-07-12,4372.410156,4386.680176,4364.029785,4384.629883,2983980000,4384.629883,0.00345117430238329,0.00345117430238329
"754",2021-07-13,4381.069824,4392.370117,4366.919922,4369.209961,3166900000,4369.209961,-0.00351681268692394,-0.00351681268692394
"755",2021-07-14,4380.109863,4393.680176,4362.359863,4374.299805,3213870000,4374.299805,0.00116493463244671,0.00116493463244671
